Start Date	01/04/2022
End Date	03/04/2022

Category Name	Payment Mode	Bank Reference No	Transaction Date	Amount	Status	REGISTRATION ID	NAME OF DEPOSITOR	CONTACT NO.	EMAIL ID	FEE	Remarks
REGISTRATION FEE	BILLDESK	DUI7944536	01-APR-22	2249	Completed Successfully	2704207340	bhavesh warehouse	9977831704	bhaveshwarehouse@gmail.com	2249	registration fee of bhavesh warehouse
OFFER FEES	BILLDESK	DUI7944368	01-APR-22	5623	Completed Successfully	2704207340	bhavesh warehouse	9977831704	bhaveshwarehouse@gmail.com	5623	offer fee of bhavesh warehouse
REGISTRATION FEE	NETBANKING	DUI7945014	01-APR-22	1339	Completed Successfully	2008207341	SOURABH RAI	9754459893	SOURABHRAI3193@GMAIL.COM	1339	REG FEES
OFFER FEES	OTHERDCARD	DUI7945288	01-APR-22	4961	Completed Successfully	2701205219	TEJINDER SINGH	8839103045	marutiwarehousingcorporation1@gmail.com	4961	OFFER FEES
OFFER FEES	NETBANKING	DUI7945099	01-APR-22	3347	Completed Successfully	2008207341	sourabh rai	9754459893	sourabhrai3193@gmail.com	3347	offer fees
REGISTRATION FEE	BILLDESK	DUI7945957	01-APR-22	2272	Completed Successfully	2704207342	vedika warehouse	9826336785	vedikawarehouse@gmail.com	2272	registration fee ofe vedika warehouse
OFFER FEES	BILLDESK	DUI7946106	01-APR-22	5680	Completed Successfully	2704207342	vedika warehouse	9826336785	vedikawarehouse@gmail.com	5680	offer fee of vedika warehouse
REGISTRATION FEE	BILLDESK	DUI7949452	01-APR-22	2222	Completed Successfully	2903207343	prem warehouse	7354040134	premwarehouse0@gmail.com	2222	registration fee of prem warehouse
OFFER FEES	NETBANKING	DUI7949877	01-APR-22	4517	Completed Successfully	4401204044	SEEMA PATIDAR	8770530668	surrendra007@gmail.com	4517	
OFFER FEES	BILLDESK	DUI7949992	01-APR-22	5556	Completed Successfully	2903207343	prem warehouse	7354040134	premwarehouse0@gmail.com	5556	offer fee of prem warehouse
REGISTRATION FEE	NETBANKING	DUI7951652	01-APR-22	2135	Completed Successfully	3306207345	Ram Kishor Dixit	7869678802	genshwhdulhan@gmail.com	2135	REG - 	Ganesh Warehouse
OFFER FEES	NETBANKING	DUI7951504	01-APR-22	5330	Completed Successfully	3306207345	Ram Kishor Dixit	7869678802	genshwhdulhan@gmail.com	5330	Offer - 	Ganesh Warehouse
OFFER FEES	OTHERDCARD	DUI7952137	01-APR-22	1200	Completed Successfully	W361732802450	Sohil Jain	9229226533	sohilj182@gmail.com	1200	T
REGISTRATION FEE	NETBANKING	DUI7952352	01-APR-22	2242	Completed Successfully	4601207346	SANJAY ARORA	9425720552	sanjayarora2604@gmail.com	2242	RAGISTRATION FEES
OFFER FEES	NETBANKING	DUI7952752	01-APR-22	3853	Completed Successfully	2907204532	MONA GOUR	9685342193	shrisraw@gmail.com	3853	fee
OFFER FEES	NETBANKING	DUI7952755	01-APR-22	5605	Completed Successfully	4601207346	sanjay arora	9425720552	sanjayarora2604@gmail.com	5605	offer
OFFER FEES	BILLDESK	DUI7954732	01-APR-22	5744	Completed Successfully	26018956	JAIN WARE HOUSING	7000937360	jainstonecrusher@yahoo.co.in	5744	OFFER FEES
REGISTRATION FEE	NETBANKING	DUI7955254	01-APR-22	2242	Completed Successfully	4601207347	pradeep kumar jain	9826548180	shrigirraj.warehousep@gmail.com	2242	ragistrtion fees
REGISTRATION FEE	BILLDESK	DUI7955177	01-APR-22	2331	Completed Successfully	2710207348	shiv om warehouse unit 2	9826336785	anshulchauhan.88@gmail.com	2331	registration fee of shiv om warehouse unit 2
OFFER FEES	BILLDESK	DUI7956085	01-APR-22	5827	Completed Successfully	2710207348	shiv om warehouse unit 2	9826336785	anshulchauhan.88@gmail.com	5827	offer fee of shiv om warehouse unit 2
OFFER FEES	BILLDESK	DUI7955489	01-APR-22	7455	Completed Successfully	260118960	RONAK ASSOCIATES	7000937360	jainstonecrusher@yahoo.co.in	7455	OFFER FEES
OFFER FEES	NETBANKING	DUI7956321	01-APR-22	5605	Completed Successfully	4601207347	pradeep kumar goyal	9826548180	shrigirraj.warehousep@gmail.com	5605	offer fees
OFFER FEES	NETBANKING	DUI7956521	01-APR-22	1312.5	Completed Successfully	1011181132	SUNITA JAIN	9425453803	hukamchandjain1968@gmail.com	1312.50	JVS Scheme B Offer Fee
OFFER FEES	NETBANKING	DUI7956894	01-APR-22	2276	Completed Successfully	2306206912	GIRJA PANDEY	9826651470	girjapandey03@gmail.com	2276	GIRJA PANDEY WEREHUSE OFFER FEES
OFFER FEES	NETBANKING	DUI7957058	01-APR-22	1125	Completed Successfully	1011182035	HUKUM CHAND JAIN	9425453803	hukumchandjain1968@gmail.com	1125	JVS Sccheme B Offer Fee
REGISTRATION FEE	BILLDESK	DUI7956982	01-APR-22	2295	Completed Successfully	2801207344	MAHESHWARI WAREHOUSING AND LOGISTICS UNIT 1	7000267725	claim.maheshwari@gmail.com	2295	REGISTRATION FEES
OFFER FEES	BILLDESK	DUI7956928	01-APR-22	5246	Completed Successfully	260120478	JAIN WAREHOUSE	9617607577	shikhashrimal@gmail.com	5246	offer fees
REGISTRATION FEE	NETBANKING	DUI7957984	01-APR-22	940	Completed Successfully	2801207350	VISHNU KHATRI	9425005041	praveensahu31@gmail.com	940	
REGISTRATION FEE	NETBANKING	DUI7957967	01-APR-22	1544	Completed Successfully	3306207361	Mohammed Shakeel Rayin	7869540801	spwh9099@gmail.com	1544	REG - 	S P WAREHOUSE
OFFER FEES	NETBANKING	DUI7958643	01-APR-22	3860	Completed Successfully	3306207361	Mohammed Shakeel Rayin	7869540801	spwh9099@gmail.com	3860	offer - 	S P WAREHOUSE
OFFER FEES	NETBANKING	DUI7958368	01-APR-22	2350	Completed Successfully	2801207350	VISHNU KHATRI	9425005041	vasudhakhatri98@gmail.com	2350	
OFFER FEES	BILLDESK	DUI7958905	01-APR-22	5738	Completed Successfully	2801207344	MAHESHWARI WAREHOUSING AND LOGISTICS UNIT 1	7000267725	claim.maheshwari@gmail.com	5738	OFFER FEES
REGISTRATION FEE	BILLDESK	DUI7959984	01-APR-22	1125	Completed Successfully	2704207351	vedika warehouse unit 2	9826336785	vedikawarehouseunit2@gmail.com	1125	registration fee of vedika warehouse unit 2
OFFER FEES	BILLDESK	DUI7961226	01-APR-22	2811	Completed Successfully	2704207351	vedika warehouse unit 2	9826336785	vedikawarehouseunit2@gmail.com	2811	offer fee of vedika warehouse unit 2
OFFER FEES	SBDEBIT	DUI7961807	01-APR-22	7298	Completed Successfully	290518647	SANDEEP PATEL	9200178144	sandeeppatel2118@gmail.com	7298	OK
REGISTRATION FEE	BILLDESK	DUI7962320	01-APR-22	2261	Completed Successfully	2710207363	rudraksh shree warehouse unit 2	9977831704	rudrakshshreewarehouseunit2@gmail.com	2261	registration fee of rudraksh shree warehouse unit 2
REGISTRATION FEE	NETBANKING	DUI7962723	01-APR-22	2400	Completed Successfully	2607207356	SHRI KAILASH WAREHOUSE	9131062047	amit161994rawat@gmail.com	2400	REGISTRATION FEES
OFFER FEES	NETBANKING	DUI7962792	01-APR-22	6000	Completed Successfully	2607207356	SHRI KAILASH WAREHOUSE	9131062047	amit161994rawat@gmail.com	6000	OFFER FEE
REGISTRATION FEE	BILLDESK	DUI7963027	01-APR-22	1575	Completed Successfully	2601207352	RONAK ASSOCIATES 2	8989444444	jainronak3111@gmail.com	1575	rejistration fees
REGISTRATION FEE	NETBANKING	DUI7962535	01-APR-22	1969	Completed Successfully	2607207357	SHRI BALAJI WAREHOUSE	9179219557	amitrai4490@gmail.com	1969	REGISTRATION FEE
OFFER FEES	NETBANKING	DUI7963115	01-APR-22	4922	Completed Successfully	2607207357	SHRI BALAJI WAREHOUSE	9179219557	amitrai4490@gmail.com	4922	OFFER FEES
REGISTRATION FEE	NETBANKING	DUI7963332	01-APR-22	2250	Completed Successfully	3403207285	SHREE SHIVSHAKTI WAREHOUSE	7828493233	raiprashant22082@gmail.com	2250	REGISTRATION  FEES
OFFER FEES	NETBANKING	DUI7963396	01-APR-22	5625	Completed Successfully	3403207285	SHREE SHIVSHAKTI WAREHOUSE	7828493233	raiprashant22082@gmail.com	5625	OFFER FEES
OFFER FEES	CREDITCARD	DUI7963915	01-APR-22	4520	Completed Successfully	4601193250	Yogesh Purohit	9630091825	yogesh_purohit@ruchiinfrastructure.com	4520	460--119--3250
OFFER FEES	BILLDESK	DUI7964099	01-APR-22	5653	Completed Successfully	2710207363	rudraksh shree warehouse unit 2	9958048725	rudrakshshreewarehouseunit2@gmail.com	5653	offer fee of rudraksh shree warehouse unit 2
REGISTRATION FEE	CREDITCARD	DUI7964353	01-APR-22	2287	Completed Successfully	4601181200	yogesh purohit	9630091825	yogesh_purohit@ruchiinfrastructure.com	2287	460--118--1200
REGISTRATION FEE	SBDEBIT	DUI7964490	01-APR-22	1510	Completed Successfully	2602207354	SHREE VENKATESH MERCANTILE PVT LTD	9425304298	ramanuj.itarsi@gmail.com	1510	registration fee
OFFER FEES	SBDEBIT	DUI7965041	01-APR-22	3775	Completed Successfully	2602207354	SHREE VENKATESH MERCANTILE PVT LTD	9425304298	ramanuj.itarsi@gmail.com	3775	OFFER FEE
REGISTRATION FEE	BILLDESK	DUI7964896	01-APR-22	2249	Completed Successfully	2704207365	shubh warehouse	9977831704	shubhwarehouse1@gmail.com	2249	registration fee of shubh warehouse
REGISTRATION FEE	OTHERDCARD	DUI7964754	01-APR-22	3677	Completed Successfully	2602207353	HERJINDER SINGH BINDRA BINDRA WAREHOUSING CORPORATION	9425039591	bindrawarehousingitarsi@gmail.com	3677	
OFFER FEES	OTHERDCARD	DUI7965479	01-APR-22	9193	Completed Successfully	2602207353	HERJINDER SINGH BINDRA  BINDRA WAREHOUSING CORPORATIO	9425039591	bindrawarehousingitarsi@gmail.com	9193	
OFFER FEES	CREDITCARD	DUI7965265	01-APR-22	5716	Completed Successfully	4601181200	Yogesh Purohit	9630091825	yogesh_purohit@ruchiinfrastructure.com	5716	460--118--1200
OFFER FEES	NETBANKING	DUI7965577	01-APR-22	13294	Completed Successfully	4601205113	kanti mathur	9926782260	kantimathur33@gmail.com	13294	offer fees
OFFER FEES	BILLDESK	DUI7965952	01-APR-22	5200	Completed Successfully	0804205396	Sudhir Sonthaliya	9826015957	rajeshsonthaliya@rediffmail.com	5200	Being payment deposited for MPWLC Fee
OFFER FEES	OTHERDCARD	DUI7966473	01-APR-22	4207	Completed Successfully	2602207359	HERJINDER SINGH BINDRA sardar surendra singh bindra agropark	9425039591	ssbindraagropark22@gmail.com	4207	
OFFER FEES	OTHERDCARD	DUI7966688	01-APR-22	10518	Completed Successfully	2602207359	HERJINDER SINGH BINDRA sardar surendra singh bindra agropark	9425039591	ssbindraagropark22@gmail.com	10518	
OFFER FEES	OTHERDCARD	DUI7967404	01-APR-22	6950	Completed Successfully	260118239	HARJINDER SINGH BINDRA AMARJEET KAUR BINDRA WAREHOUSING AND LOGISTICS	9425039591	herbin2002@yahoo.com	6950	
REGISTRATION FEE	OTHERDCARD	DUI7968632	01-APR-22	1695	Completed Successfully	3001192844	HERJINDER SINGH BINDRA FRESHONE WAREHOUSING & INFRASTRUCTURE	9425039591	harjotbindra55@gmail.com	1695	
REGISTRATION FEE	NETBANKING	DUI7972620	01-APR-22	2491	Completed Successfully	2604207368	MAA NARMADA WAREHOUSE	9713318687	caharipatidar@gmail.com	2491	WAREHOUSE REGISTRATION FEES
REGISTRATION FEE	OTHERDCARD	DUI7972352	01-APR-22	1140	Completed Successfully	2605206773	ASTHA WAREHOUSE	9399731108	pankajpatel14101993@gmail.com	1140	Reg fees
OFFER FEES	NETBANKING	DUI7972866	01-APR-22	6227	Completed Successfully	2604207368	MAA NARMADA WAREHOUSE	9713318687	caharipatidar@gmail.com	6227	OFFER FEES
OFFER FEES	NETBANKING	DUI7974478	01-APR-22	5344	Completed Successfully	4205181060	PAYAL AGRO LOGISTICS	9993879718	payal.mandeep@gmail.com	5344.00	KHSARA NO 140/3, 4, 140/6, 7 PAYAL STATE, VILLAGE KHADOULA CHAKA BY PASS ROAD NAKA MAIHAR ROAD OFFER FEE FOR TEH YEAR
OFFER FEES	OTHERDCARD	DUI7976538	02-APR-22	2850	Completed Successfully	2605206773	ASTHA WAREHOUSE	7000043284	pankajpatel14101993@gmail.com	2850	Offer fees
OFFER FEES	BILLDESK	DUI7977471	02-APR-22	5623	Completed Successfully	2704207365	shubh warehouse	9977831704	shubhwarehouse1@gmail.com	5623	offer fee of shubh warehouse
REGISTRATION FEE	NETBANKING	DUI7979879	02-APR-22	1630	Completed Successfully	3101207370	sagar shivhare	8989969451	sagarshivhare1992	1630	
OFFER FEES	NETBANKING	DUI7979766	02-APR-22	4074	Completed Successfully	3101207370	sagar shivhare	8989969451	sagarshivhare1992@gmail.com	4074	
OFFER FEES	CREDITCARD	DUI7982870	02-APR-22	5708	Completed Successfully	2601205699	DIKSHA WAREHOUSING	9907858810	rahulr9283@gmail.com	5708	OFFER FEE
REGISTRATION FEE	OTHERDCARD	DUI7982878	02-APR-22	2023	Completed Successfully	5103207349	SHRI BADRILAL WARE HOUSE	9425416505	abhishekmandliya15@gmail.com	2023	MRS REKHA MANDLIYA
OFFER FEES	OTHERDCARD	DUI7983333	02-APR-22	5058	Completed Successfully	5103207349	SHRI BADRILAL WARE HOUSE	9425416505	abhishekmandliya15@gmail.com	5058	MRS REKHA MANDLIYA
REGISTRATION FEE	NETBANKING	DUI7983790	02-APR-22	2375	Completed Successfully	2701207355	jyoti Jain	9993338066	Siddharthwarehousing@gmail.com	2375.00	registration fees paid(Siddharth warehousing)
OFFER FEES	NETBANKING	DUI7984093	02-APR-22	5938	Completed Successfully	2701207355	jyoti Jain	9993338066	Siddharthwarehousing@gmail.com	5938.00	offer fees paid(Siddharthwarehousing)
OFFER FEES	SBDEBIT	DUI7985088	02-APR-22	4594	Completed Successfully	1202206845	MA SHARDA INTERPRISES	9425942771	masharda617@gmail.com	4594.00	offer fees for warehouse
OFFER FEES	NETBANKING	DUI7986691	02-APR-22	2914	Completed Successfully	2606181226	SIDDHI VINAYAK WAREHOUSE	9329770108	anandgupta670@gmail.com	2914	OFFER FEES
OFFER FEES	NETBANKING	DUI7987427	02-APR-22	3638	Completed Successfully	2606193294	kanha agro marketing	9329770108	kanhaagro@gmail.com	3638	OFFER PRINT
REGISTRATION FEE	NETBANKING	DUI7987611	02-APR-22	2001	Completed Successfully	2701207372	VIKRAM SINGH BAGHEL	8319742163	vikramseedsvidisha@gmail.com	2001	registration fee
OFFER FEES	NETBANKING	DUI7988274	02-APR-22	5002	Completed Successfully	2701207372	VIKRAM SINGH BAGHEL	8319742163	vikramseedsvidisha@gmail.com	5002	offer fee
OFFER FEES	NETBANKING	DUI7989505	02-APR-22	3975	Completed Successfully	330318437	CHARAN LAL BASOR	8839361403	charanlalb@gmail.com	3975	Offer - 	SHREE SAI UPASNA WAREHOUSE
OFFER FEES	NETBANKING	DUI7990072	02-APR-22	2860	Completed Successfully	330318447	MALTI SINGH THAKUR	8085346280	singhkp719@gmail.com	2860	Offer - 	YASH WAREHOUSE
OFFER FEES	NETBANKING	DUI7990853	02-APR-22	4760	Completed Successfully	3303203947	Aarti Yadav	9300436387	aartiyadav3030@gmail.com	4760	Offer - SHIV SHAKTI WAREHOUSE UNIT II
REGISTRATION FEE	NETBANKING	DUI7992046	02-APR-22	2354	Completed Successfully	3006207373	Raj Rajeswari WAREHOUSE FACE ii	9993151119	rajarajeshwari@gmail.com	2354	REGISTRATION FEES
OFFER FEES	BILLDESK	DUI7992535	02-APR-22	6012	Completed Successfully	2606203901	Ankur sahu	9893332123	Sadgurukripawarehouse@gmail.com	6012	
OFFER FEES	NETBANKING	DUI7992709	02-APR-22	1487	Completed Successfully	3204192843	MAA BIJASAN WAREHOUSE	8818963019	maabijasanwarehouse124@gmail.com	1487	
OFFER FEES	NETBANKING	DUI7993243	02-APR-22	2039	Completed Successfully	260418980	NIDHI MALVIYA	9425636151	nilansumalviyaballcom@rediffmail.com	2039	offer fees
OFFER FEES	NETBANKING	DUI7993325	02-APR-22	2109	Completed Successfully	2604206108	SMT NIDHI MALVIYA	9425636151	nilansumalviyaballcom@gmail.com	2109	offer fees
REGISTRATION FEE	NETBANKING	DUI7994768	02-APR-22	600	Completed Successfully	3306192624	RAJESH PATEL	9826021434	dr.rajeshpatel71@gmail.com	600	Reg Renwal - SIDDHI VINAYAK WAREHOUSE
REGISTRATION FEE	NETBANKING	DUI7995018	02-APR-22	1041	Completed Successfully	2311207358	SUDHA DEVI GHOSHI	9893752684	dwarkasingh.advocate01@gmail.com	1041	SUDHA DEVI GHOSHI
OFFER FEES	OTHERDCARD	DUI7995034	02-APR-22	2743	Completed Successfully	290418525	HERJINDER SINGH BINDRA BINDRA WAREHOUSING CORPORATION	9425039591	guptaji.vle@gmail.com	2743	
OFFER FEES	NETBANKING	DUI7994873	02-APR-22	2320	Completed Successfully	3306204320	Rajesh Patel	9826121434	siddhivinayakwarehouse1@gmail.com	2320	Offer - SIDDHIVINAYAK WAREHOUSE
OFFER FEES	NETBANKING	DUI7995731	02-APR-22	10207	Completed Successfully	0402181412	SHARDA GAUTAM	9425119861	MAASHARDAW@GMAIL.COM	10207	OFFER FEE
OFFER FEES	CREDITCARD	DUI7997370	02-APR-22	2237	Completed Successfully	2901181182	Yogesh Purohit	9630091825	yogesh_purohit@ruchiinfrastructure.com	2237	290--118--1182
REGISTRATION FEE	NETBANKING	DUI7999102	02-APR-22	902	Completed Successfully	3106207374	Shri Mahakal Warehousing and Agro Pocessing	9424428124	pavanlaharpure43@gmail.com	902	Reg Fee
OFFER FEES	NETBANKING	DUI7998992	02-APR-22	10114	Completed Successfully	420418633	SHARTHI WARE HOUSE	9425153986	vijay.katni@rediffmail.com	10114	gokhru ji
REGISTRATION FEE	SBDEBIT	DUI7999354	02-APR-22	394	Completed Successfully	3403207375	Gyan chand bardia	9425169445	bharatwarehouse3@gmail.com	394	REGISTRATION FEE
OFFER FEES	NETBANKING	DUI7999548	02-APR-22	6486	Completed Successfully	4204204152	SHRI BALAJI WAREHOUSE	9425153986	vijaygokhru786@gmail.com	6486	gokhruji
OFFER FEES	NETBANKING	DUI7999722	02-APR-22	2254	Completed Successfully	3106207374	Shri Mahakal Warehousing and Agro Processing	9424428124	pavanlaharpure43@gmail.com	2254	offer fees
OFFER FEES	SBDEBIT	DUI7999736	02-APR-22	985	Completed Successfully	3403207375	gyan chand bardia	9425169445	bharatwarehouse3@gmail.com	985	OFFER FEES
OFFER FEES	NETBANKING	DUI8000489	02-APR-22	4500	Completed Successfully	2802205211	dhanwanti ware house	9981209982	dhanwantiwarehouse13@gmail.com	4500	offer fee
OFFER FEES	NETBANKING	DUI8000587	02-APR-22	1842	Completed Successfully	3809193355	MAMTA THAKUR	9424352746	thakurbothwa@gmail.com	1842	THAKUR INDUSTRIES BOTHWA JVS OFFER FEE 2022-23
OFFER FEES	NETBANKING	DUI8001156	02-APR-22	4418	Completed Successfully	4604204015	MADHURI SINGHAI	8319008429	MADHURIWAREHOUSES@GMAIL.COM	4418	OFFER FEES
OFFER FEES	NETBANKING	DUI8002801	02-APR-22	1968	Completed Successfully	4604204402	ABHISHEK JAIN	8319008429	vikasjainvj8992@gmail.com	1968	OFFER
OFFER FEES	NETBANKING	DUI8003668	02-APR-22	2805	Completed Successfully	4604203940	anita jain	8319008429	vikashjainvj8992@gmail.com	2805	offer
OFFER FEES	NETBANKING	DUI8003498	02-APR-22	5603	Completed Successfully	3504206165	PARAMOUNT AGRO SERVICES	7987111908	rakesh.patel1238@gmail.com	5603	WAREHOUSE OFFER FEES
OFFER FEES	NETBANKING	DUI8003729	02-APR-22	1154	Completed Successfully	1007207379	RASHMI THAKUR	9179819030	thakurrashmi783@gmail.com	1154	OFFER FEE
REGISTRATION FEE	NETBANKING	DUI8012357	03-APR-22	2535	Completed Successfully	2604207369	RINA BAI	8103999555	vindeswaremobilecenter@gmail.com	2535	Registration fees
OFFER FEES	NETBANKING	DUI8012390	03-APR-22	6338	Completed Successfully	2604207369	RINA BAI	8103999555	vindeswaremobilecenter@gmail.com	6338	Offers fees
REGISTRATION FEE	BILLDESK	DUI8013347	03-APR-22	10	Completed Successfully	2633001232	LOWANSHI	9669516676	ASHISHPUROHIT956@GMAIL.COM	10	ASHISH
REGISTRATION FEE	BILLDESK	DUI8013579	03-APR-22	2142	Completed Successfully	2601207376	LOWANSHI WAREHOUSE 3	9893519444	LAXMILOWANSHI@GMAIL.COM	2142	REGISTRATION
OFFER FEES	BILLDESK	DUI8013825	03-APR-22	5355	Completed Successfully	2601207376	LOWANSHI WAREHOUSE 3	9893519444	laxmilowanshi@gmail.com	5355	OFFER
OFFER FEES	BILLDESK	DUI8013862	03-APR-22	5355	Completed Successfully	2601205596	LOWANSHI WAREHOUSE 2	9893519444	lalitimi@yahoo.co.in	5355	OFFER
OFFER FEES	BILLDESK	DUI8014626	03-APR-22	5246	Completed Successfully	2601205480	ROUNAK ASSOCIATES	8989444444	ronakassociates3111@gmail.com	5246	OFFER FEE
OFFER FEES	BILLDESK	DUI8014473	03-APR-22	1575	Completed Successfully	2601207352	RONAK ASSOCIATES 2	8989444444	jainronak3111@gmail.com	1575	OFFER FEE
REGISTRATION FEE	BILLDESK	DUI8016729	03-APR-22	1035	Completed Successfully	2801192750	SARJU WAREHOUSE	9993168398	jsconventschool@gmail.com	1035	REGISTRATION RENEW FEES SARJU WAREHOUSE OWNER JASWANT SINGH
OFFER FEES	BILLDESK	DUI8017088	03-APR-22	2890	Completed Successfully	0803206760	Vishal Patel	9754962150	kamakshi.tradersdepalpur1@gmail.com	2890	Offer fees
REGISTRATION FEE	NETBANKING	DUI8017316	03-APR-22	2242	Completed Successfully	4601207367	sanjay arora	7000746404	dkdgoyal@gmail.com	2242	ragistartion
OFFER FEES	NETBANKING	DUI8017492	03-APR-22	5605	Completed Successfully	4601207367	dilip  goyal	7000746404	dkdgoyal@gmail.com	5605	offer
REGISTRATION FEE	NETBANKING	DUI8017899	03-APR-22	2708	Completed Successfully	1505193033	AASTHA WAREHOUSING CORPORATION	9425332921	ambeytraders3@gmail.com	2708	REGISTRATION FEES
REGISTRATION FEE	OTHERDCARD	DUI8020895	03-APR-22	2306	Completed Successfully	2605207381	RANVEER PATEL	9425476803	ranveerpatelpip@gmail.com	2306	REG. FEE
OFFER FEES	OTHERDCARD	DUI8021408	03-APR-22	5765	Completed Successfully	2605207381	RANVEER PATEL	9425476803	ranveerpatelpip@gmail.com	5765	offer fee
REGISTRATION FEE	NETBANKING	DUI8022571	03-APR-22	3051	Completed Successfully	3207207382	ASHA DANGRA	9983311347	shreejiwarehouse2022@gmail.com	3051	REGISTRATION FEE
OFFER FEES	NETBANKING	DUI8023064	03-APR-22	7627	Completed Successfully	3207207382	ASHA DANGRA	9893311347	shreejiwarehouse2022@gmail.com	7627	OFFER FEE
REGISTRATION FEE	SBDEBIT	DUI8023977	03-APR-22	5544	Completed Successfully	1010207383	R B AGRO FOODS INDUSTRIES	8966002503	rbc@rbgroup.in	5544	REGISTRATION FEE
OFFER FEES	SBDEBIT	DUI8023798	03-APR-22	13860	Completed Successfully	1010207383	R B AGRO FOODS INDUSTRIES	8966002503	rbc@rbgroup.in	13860	OFFER FEE
REGISTRATION FEE	SBDEBIT	DUI8026060	03-APR-22	556	Completed Successfully	2201192806	RAWALA WARE HOUSE KESUR	9926490498	rawalawarehouse@gmail.com	556	rewgst fee
OFFER FEES	NETBANKING	DUI8028848	03-APR-22	5560	Completed Successfully	3307204101	Prakash Yadav	8878088884	vikkiyado123@gmail.com	5560	offer - 	Prakash traders iii
REGISTRATION FEE	BILLDESK	DUI8028905	03-APR-22	1811	Completed Successfully	2605207384	Sunita Jaju	8962281760	ramwarehousekaranpur@gmai.com	1811	Reg. Fee
OFFER FEES	BILLDESK	DUI8028789	03-APR-22	4529	Completed Successfully	2605207384	Sunita jaju	8962281760	ramwarehousekaranpur@gmail.com	4529	Off. Fee
REGISTRATION FEE	SBDEBIT	DUI8029667	03-APR-22	657	Completed Successfully	3403207385	SUMATI JAIN	9893052497	warerohan308@gmail.com	657	Registration fees
OFFER FEES	SBDEBIT	DUI8029726	03-APR-22	1642	Completed Successfully	3403207385	sumati kumar jain	9893052497	warerohan308@gmail.com	1642	OFFER FEES
OFFER FEES	NETBANKING	DUI8030539	03-APR-22	2886	Completed Successfully	1007207379	RASHMI THAKUR	9179819030	thakurrashmi783@gmail.com	2886	pay
REGISTRATION FEE	NETBANKING	DUI8031826	03-APR-22	1260	Completed Successfully	3305207386	Neetu Rajput	9907225891	rajeshrajput147@gmail.com	1260	Reg - 	Pratham Warehouse
OFFER FEES	NETBANKING	DUI8031710	03-APR-22	3150	Completed Successfully	3305207386	Neetu Rajput	9907225891	rajeshrajput147@gmail.com	3150	Offer - 	rajeshrajput147@gmail.com
OFFER FEES	NETBANKING	DUI8039845	03-APR-22	5568	Completed Successfully	2706206891	Sharda raghuwanshi	9826774669	shreenathmotors4242@gmail.com	5568	Shree nath warehouse offer fees



