Start Date	02/09/2022
End Date	08/09/2022

Category Name	Payment Mode	Bank Reference No	Transaction Date	Amount	Status	REGISTRATION ID	NAME OF DEPOSITOR	CONTACT NO.	EMAIL ID	FEE	Remarks
OFFER FEES	BRANCH	DUJ6495305	02-SEP-22	6750	Completed Successfully	3608203507	h k cotton industries	9425819633	mithsh33@gmail.com	6750	
OFFER FEES	NETBANKING	DUJ6505803	02-SEP-22	5414.14	Completed Successfully	0104205503	ARCHANA MISHRA	9926711100	ANILMISHRA0887@GMAIL.COM	5414.14	OFFER FEES
OFFER FEES	NETBANKING	DUJ6518188	02-SEP-22	2625	Completed Successfully	0108205778	HEERO DEVI	6263278109	marketing.mehgaon1959@gmail.com	2625	OFFER FEES
REGISTRATION FEE	NETBANKING	DUJ6539615	03-SEP-22	2284	Completed Successfully	3606207753	SANTOSH KUMAR SAHU	9424734525	govind.prajaapati226@gmail.com	2284	FOR REGISTRATION FEES
OFFER FEES	NETBANKING	DUJ6540784	03-SEP-22	5709	Completed Successfully	3606207753	SANTOSH KUMAR SAHU	9424734525	govind.prajaapati226@gmail.com	5709	FOR OFFER FEES
OFFER FEES	SBDEBIT	DUJ6548855	03-SEP-22	2414	Completed Successfully	3402207732	NEHA KILLEDAR	9560621218	SIDDHARTH.KILLEDAR@GMAIL.COM	2414	OFFER FEES
OFFER FEES	NETBANKING	DUJ6559499	03-SEP-22	2272	Completed Successfully	2710203797	GAJENDRA singh yadav	9993668651	yadavgajendra859@gmail.com	2272.00	GODOWN OFFERED FEE
REGISTRATION FEE	NETBANKING	DUJ6615500	05-SEP-22	1160	Completed Successfully	3701207754	ABHA JAIN	9425175866	abhawarehouseseoni@gmail.com	1160	FOR REGISTRATION FEES
OFFER FEES	NETBANKING	DUJ6616859	05-SEP-22	2900	Completed Successfully	3701207754	ABHA JAIN	9425175866	abhawarehouseseoni@gmail.com	2900	FOR OFFER FEES
OFFER FEES	SBDEBIT	DUJ6620451	05-SEP-22	5815	Completed Successfully	3006205544	choudhary brothers warehouse	8319370652	rraghukul1989@gmail.com	5815	offer fee
OFFER FEES	SBDEBIT	DUJ6712124	07-SEP-22	6070	Completed Successfully	3006205357	kiranveer warehouse	9893922210	praneiti@gmail.com	6070	offer fee
REGISTRATION FEE	NETBANKING	DUJ6721747	07-SEP-22	2370	Completed Successfully	3303207755	Vishnu Datt Sharma	9303888889	sudhanshu.gupta01@gmail.com	2370	Registration - 	Kaustubham Warehouse
REGISTRATION FEE	NETBANKING	DUJ6729699	07-SEP-22	1800	Completed Successfully	3306207756	Adesh TIwari	9826307301	visheshadeshtiwari@gmail.com	1800	reg - 	MLT RISING
OFFER FEES	NETBANKING	DUJ6731162	07-SEP-22	5197	Completed Successfully	2006205266	Kesahv warehouse	9770054471	Reliance_courier@rediffmail.com	5197	Offer fees
OFFER FEES	SBDEBIT	DUJ6765490	08-SEP-22	1788	Completed Successfully	3402182589	AJAY PHITHKER	9826253636	ajay1236524	1788	offer fee



