Start Date	03/01/2023
End Date	03/01/2023

Category Name	Payment Mode	Bank Reference No	Transaction Date	Amount	Status	REGISTRATION ID	NAME OF DEPOSITOR	CONTACT NO.	EMAIL ID	FEE	Remarks
OFFER FEES	NETBANKING	DUK3679166	03-JAN-23	4683	Completed Successfully	2508208036	sandhya rani mishra	9993672884	kapilmunimishra053@gmail.com	4683	sandhya ware house offer fees
REGISTRATION FEE	SBDEBIT	DUK3710247	03-JAN-23	2030	Completed Successfully	4804208032	MUNNA LAL NAGAR	9977098232	sanjunagar.nagar574@gmail.com	2030.00	Payment for Registration of Warehouse
OFFER FEES	SBDEBIT	DUK3712557	03-JAN-23	5074	Completed Successfully	4804208032	MUNNA LAL NAGAR	9977098232	sanjunagar.nagar574@gmail.com	5074.00	PAYMENT FORM OFFER FEES
REGISTRATION FEE	NETBANKING	DUK3718435	03-JAN-23	1442	Completed Successfully	3902208042	Mona Tejwani	7869984719	srlwarehouse2050@gmail.com	1442	
REGISTRATION FEE	NETBANKING	DUK3721322	03-JAN-23	2253	Completed Successfully	4501208040	SWETA AGRAWAL	9425181861	agrawalsweta016@gmail.com	2253	ok
OFFER FEES	NETBANKING	DUK3724973	03-JAN-23	5634	Completed Successfully	4501208040	Sweta Agrawal	9425181861	agrawalsweta016@gmail.com	5634	Offer Fees Payment
OFFER FEES	NETBANKING	DUK3734063	03-JAN-23	5975	Completed Successfully	3503208033	Ritu Agrawal	9424340318	rajlaxmiwh@gmail.com	5975	OFFER - 	Rajlaxmi Warehouse - 	3503208033



