Start Date	05/10/2022
End Date	05/10/2022

Category Name	Payment Mode	Bank Reference No	Transaction Date	Amount	Status	REGISTRATION ID	NAME OF DEPOSITOR	CONTACT NO.	EMAIL ID	FEE	Remarks
OFFER FEES	BILLDESK	DUJ8386501	05-OCT-22	3969	Completed Successfully	3107207788	ABHILASHA BAJPAI	9907902698	anupambetul@gmail.com	3969	MANGALAM WAREHOUSE
REGISTRATION FEE	NETBANKING	DUJ8391646	05-OCT-22	431	Completed Successfully	3401193342	Narmada Prasad Prajapati	7771007581	lallythakur@gmail.com	431	Registration update Fee
OFFER FEES	NETBANKING	DUJ8392853	05-OCT-22	1077	Completed Successfully	3401193342	Narmada Prasad Prajapati	7771007581	lallythakur@gmail.com	1077	Offer Fee



