Start Date	05/06/2023
End Date	08/06/2023

Category Name	Payment Mode	Bank Reference No	Transaction Date	Amount	Status	REGISTRATION ID	NAME OF DEPOSITOR	CONTACT NO.	EMAIL ID	FEE	Remarks
REGISTRATION FEE	SBDEBIT	DUL0166764	05-JUN-23	2355	Completed Successfully	1205209037	SHIKHA SINGH	9836070202	singh9akhilesh@gmail.com	2355	Payment for Registration of Warehouse
REGISTRATION FEE	NETBANKING	DUL0202319	06-JUN-23	1352	Completed Successfully	410620904	RAJESH PATEL	8770949960	entagroyuva222012@gmail.com	1352	
REGISTRATION FEE	NETBANKING	DUL0217236	06-JUN-23	2251	Completed Successfully	4101209046	LAKSHMI PATEL	9340619346	uditpathak94@gmail.com	2251	
REGISTRATION FEE	SBDEBIT	DUL0338662	08-JUN-23	2269	Completed Successfully	1007209047	RAJKUMARI THAKUR	9329071176	srst5559@gmail.com	2269	Registration Fee



