Start Date	07/04/2022
End Date	07/04/2022

Category Name	Payment Mode	Bank Reference No	Transaction Date	Amount	Status	REGISTRATION ID	NAME OF DEPOSITOR	CONTACT NO.	EMAIL ID	FEE	Remarks
OFFER FEES	NETBANKING	DUI8228388	07-APR-22	2260	Completed Successfully	2706207223	KIRAN JAIN	8989790450	dkjain52@gmail.com	2260	OFFER FEES KESHAR WAREHOUSING
REGISTRATION FEE	NETBANKING	DUI8237114	07-APR-22	2109	Completed Successfully	2606207452	BHARGAVA WAREHOUSE	9907850900	bpratiksha151@gmail.com	2109	REGISTRATION FEES
OFFER FEES	NETBANKING	DUI8237600	07-APR-22	5274	Completed Successfully	2606207452	BHARGAVA WAREHOUSE	9907850900	bpratiksha151@gmail.com	5274	OFFER FEES
REGISTRATION FEE	OTHERDCARD	DUI8239507	07-APR-22	400	Completed Successfully	1403207451	mukesh kumar tiwari	9131263407	shubhhhot@gmail.com	400	ragistration
OFFER FEES	CREDITCARD	DUI8242757	07-APR-22	5625	Completed Successfully	2701207027	TRIPTI MEENA	8878235236	rukmanideviwarehouse2022@gmail.com	5625	
REGISTRATION FEE	BILLDESK	DUI8243019	07-APR-22	797	Completed Successfully	3607207438	waman raut	9301195544	rauttushar254@gmail.com	797.00	registration fees
OFFER FEES	NETBANKING	DUI8243315	07-APR-22	3055	Completed Successfully	3303181058	Munni Bai Patel	9300128746	omshivwarehousenunsar@gmail.com	3055	offer - OM SHIV WAREHOUSE
OFFER FEES	BILLDESK	DUI8243520	07-APR-22	1992	Completed Successfully	3607207438	waman raut	9301195544	rauttushar254@gmail.com	1992	offer fees
OFFER FEES	CREDITCARD	DUI8243736	07-APR-22	5484	Completed Successfully	2701207025	PRIYANKA MEENA	9752334408	shreeomwarehouse2022@gmail.com	5484	
OFFER FEES	NETBANKING	DUI8247469	07-APR-22	5606	Completed Successfully	3002203916	Neha Patel	8269002730	vipinpatel302@gmail.com	5606	Offer fees
OFFER FEES	BILLDESK	DUI8249220	07-APR-22	6375	Completed Successfully	2702205632	Neha Patel	8269002730	vipinpatel302@gmail.com	6375	Offer
OFFER FEES	CREDITCARD	DUI8249555	07-APR-22	5625	Completed Successfully	3004205967	Kalpana Manglam	9424400297	kalpana.manglam@gmail.com	5625	Offer fees The Manglam Warehouse Shobhapur
OFFER FEES	NETBANKING	DUI8250634	07-APR-22	4450	Completed Successfully	370118509	DADAGURU WARE HOUSE	9425174529	suttam2@yahoo.com	4450	offer
REGISTRATION FEE	BILLDESK	DUI8250975	07-APR-22	2299	Completed Successfully	2608207455	shashikala Gour	9111911843	shriganeshwarehouse2022@gmail.com	2299	shri ganesh warehouse regestration fee
OFFER FEES	NETBANKING	DUI8251097	07-APR-22	3442	Completed Successfully	370118533	KAMLA WARE HOUSE	9425174511	sunil1@gmail.com	3442	offer
REGISTRATION FEE	NETBANKING	DUI8251148	07-APR-22	2668	Completed Successfully	1006193197	RAJENDRA KUMAR PATEL	9893775303	mukrohra@Yahoo.com	2668	registration fees for jyoti Krishi Upaj Bhandaran Garh Gram Dhuruwa Bina 470113
OFFER FEES	OTHERDCARD	DUI8252275	07-APR-22	4646	Completed Successfully	1806205818	MAHALAXMI WAREHOUSE	9575450760	lokendra12390@gmail.com	4646	OFFER FEES
OFFER FEES	BILLDESK	DUI8253577	07-APR-22	5748	Completed Successfully	26082074755	shashikala gour	9111911843	shriganeshwarehouse2022@gmail.com	5748	OFFER FEE ganesh warehouse
REGISTRATION FEE	NETBANKING	DUI8254632	07-APR-22	2805	Completed Successfully	3706207453	Girdhari lal golhani	7828545658	sharadgolhani1@gmail.com	2805	registration fees
REGISTRATION FEE	NETBANKING	DUI8255119	07-APR-22	1122	Completed Successfully	3706207453	Girdhari lal golhani	7828545658	Sharadgolhani1@gmail.com	1122	registration fees
REGISTRATION FEE	OTHERDCARD	DUI8256061	07-APR-22	861	Completed Successfully	3207207457	Hariom Nagar	7697201456	hariomnagar7697@gmail.com	861	
OFFER FEES	OTHERDCARD	DUI8256850	07-APR-22	2152	Completed Successfully	3207207457	Hariom Nagar	7697201456	hariomnagar7697@gmail.com	2152	
OFFER FEES	SBDEBIT	DUI8257785	07-APR-22	742	Completed Successfully	3404204184	SUSHMA WAREHOUSE	9424921647	PRASANNAGENCIES65@GMAIL.COM	742	OFFER FEES
REGISTRATION FEE	OTHERDCARD	DUI8257953	07-APR-22	2400	Completed Successfully	3611207392	Ajay Saxena	7583866808	jugnufoods@gmail.com	2400	Registration Fees from Ajay Saxena Ware House, Chhindwara
OFFER FEES	CREDITCARD	DUI8258762	07-APR-22	11760	Completed Successfully	2703192716	Jamuna Devi Warehousing Hub	9229149991	rituj@tsag.in	11760	Jamuna Devi Warehousing Hub Basoda
OFFER FEES	OTHERDCARD	DUI8259801	07-APR-22	6000	Completed Successfully	3611207392	Ajay Saxena	7583866808	jugnufoods@gmail.com	6000	Capacity Offer Fees from Ajay Saxena Ware House, Chhindwara
REGISTRATION FEE	OTHERDCARD	DUI8260012	07-APR-22	362	Completed Successfully	5104181108	PRANAY SHARMA	9425935526	rudrasharma35526@gmail.com	362	Registration Fee
OFFER FEES	OTHERDCARD	DUI8260249	07-APR-22	906	Completed Successfully	5104181108	Pranay Sharma	9425935526	rudrasharma35526@gmail.com	906	JVS Offer Fee
REGISTRATION FEE	NETBANKING	DUI8261065	07-APR-22	2306	Completed Successfully	2606207458	M/S HEMLATA AGRO WAREHOUSE	9589018878	m08bhargava@gmail.com	2306	Registration fee
REGISTRATION FEE	NETBANKING	DUI8260963	07-APR-22	1200	Completed Successfully	3502206739	JYOTI AGRAWAL	9425328659	mekalwarehousing@gmail.com	1200	
OFFER FEES	NETBANKING	DUI8262057	07-APR-22	5765	Completed Successfully	2606207458	M/S HEMLATA AGRO WAREHOUSE	9589018878	m08bhargava@gmail.com	5765	JVS
OFFER FEES	BILLDESK	DUI8262077	07-APR-22	5906	Completed Successfully	2601205574	MAA NARMADA WAREHOUSE	9009627172	EXTRAIDRP@GMAIL.COM	5906	offer fee
OFFER FEES	NETBANKING	DUI8262921	07-APR-22	5755	Completed Successfully	2606205054	NANDNANDAN WAREHOUSE	9407414820	nandnandanwarehouse@gmail.com	5755	OFFER FEES
OFFER FEES	CREDITCARD	DUI8265090	07-APR-22	1350	Completed Successfully	2701205365	RAKESH SHARMA	9425431545	nationalcapsules@rediffmail.com	1350	
REGISTRATION FEE	NETBANKING	DUI8265485	07-APR-22	2236	Completed Successfully	2602207459	Rani Baveja	9907333333	rohit.kb11@gmail.com	2236	Registration Fees
OFFER FEES	NETBANKING	DUI8266095	07-APR-22	5591	Completed Successfully	2602207459	Rani Baveja	9907333333	rohit.kb11@gmail.com	5591	Offered Capacity Fees
OFFER FEES	OTHERDCARD	DUI8266277	07-APR-22	5772	Completed Successfully	2605207268	Ashish Laddha	9893222541	ashish.laddha93@gmail.com	5772	Off Fee
REGISTRATION FEE	NETBANKING	DUI8268051	07-APR-22	919	Completed Successfully	3802207462	USHA BAGHRECHA	9425822686	paras240437@gmail.com	919.00	MPWLC Balaghat
OFFER FEES	NETBANKING	DUI8268287	07-APR-22	2026	Completed Successfully	300818212	KRISHNA MALPANI	8770809980	kanhaiyawarehouse@gmail.com	2026	offer fees
REGISTRATION FEE	NETBANKING	DUI8267875	07-APR-22	904	Completed Successfully	2706207223	KIRAN JAIN	8989790450	dkjain52@gmail.com	904	REGSTION FEES KESHAR WAREHOUSING
OFFER FEES	CREDITCARD	DUI8268956	07-APR-22	3333	Completed Successfully	270118484	GULAB SINGH	9981325295	gulabsinghdangi@yahoo.com	3333	
REGISTRATION FEE	SBDEBIT	DUI8269212	07-APR-22	675	Completed Successfully	2603207463	AMAR SINGH RAJPUT	9589282665	amarsinghrajput7227@gmail.com	675	Registration Fee
REGISTRATION FEE	NETBANKING	DUI8269214	07-APR-22	2250	Completed Successfully	3701207464	NANDGOPAL WAREHOUSE	7440567211	pawan.mehandiratta1974@gmail.com	2250	registration
REGISTRATION FEE	BILLDESK	DUI8269101	07-APR-22	1200	Completed Successfully	1803207394	MAHANKAL WAREHOUSE	9752693206	mahankalwarehouse@gmail.com	1200	Registration fees
REGISTRATION FEE	NETBANKING	DUI8269656	07-APR-22	2250	Completed Successfully	2705207461	uma singh	9300185157	umasinghjat13@gmail.com	2250.00	registration fees(jat enterprises gajsingh bahani warehouse)
OFFER FEES	BILLDESK	DUI8269503	07-APR-22	3000	Completed Successfully	1803207394	MAHANKAL WAREHOUSE	9752693206	mahankalwarehouse@gmail.com	3000	Offer Fees
OFFER FEES	NETBANKING	DUI8269784	07-APR-22	5625	Completed Successfully	2705207461	uma singh	9300185157	umasinghjat13@gmail.com	5625.00	offer fees paid(jat enterprises gajsingh bahani warehouse)
OFFER FEES	NETBANKING	DUI8269805	07-APR-22	5625	Completed Successfully	3701207464	NANDGOPAL WARE HOUSE	7440567211	pawan.mehandiratta1974@gmail.com	5625	offer
REGISTRATION FEE	BILLDESK	DUI8270404	07-APR-22	800	Completed Successfully	1803207396	TIWARI WAREHOUSE	9826762626	tiwariwarehouse@gmail.com	800	Registration fees
OFFER FEES	BILLDESK	DUI8270506	07-APR-22	2000	Completed Successfully	1803207396	TIWARI WAREHOUSE	9826762626	tiwariwarehouse@gmail.com	2000	Offer Fees
REGISTRATION FEE	BILLDESK	DUI8270894	07-APR-22	2310	Completed Successfully	4003207465	Anita malviya	9826077264	anitamalviya01@gmail.com	2310	
OFFER FEES	BILLDESK	DUI8271678	07-APR-22	5775	Completed Successfully	4003207465	anita malviya	9826077264	anitamalviya01@gmail.com	5775	
OFFER FEES	NETBANKING	DUI8271902	07-APR-22	2297	Completed Successfully	3802207462	Usha Baghrecha	9425822686	paras240437@gmail.com	2297	MPWLC Balaghat
REGISTRATION FEE	NETBANKING	DUI8273280	07-APR-22	2219	Completed Successfully	3004207466	VIJAY LAXMI SHUKLA	9425342042	shrigangaagroservicesunit1@gmail.com	2219	registration fee
OFFER FEES	NETBANKING	DUI8273894	07-APR-22	5548	Completed Successfully	3004207466	VIJAY LAXMI SHUKLA	9425342042	shrigangaagroservicesunit1@gmail.com	5548	OFFER FEES
OFFER FEES	OTHERDCARD	DUI8274685	07-APR-22	1181	Completed Successfully	1005206448	Jay Shankar Tiwari	9300216196	pa23021989ti@gmail.com	1181	Tiwari Dada Warehouse Unit2 Offer Fee



