Start Date	07/11/2022
End Date	08/11/2022

Category Name	Payment Mode	Bank Reference No	Transaction Date	Amount	Status	REGISTRATION ID	NAME OF DEPOSITOR	CONTACT NO.	EMAIL ID	FEE	Remarks
OFFER FEES	NETBANKING	DUK1441551	07-NOV-22	2465	Completed Successfully	3306207774	Shailendra Kumar Tiwari	9893022398	shekharagromarketing@gmail.com	2465	OFFER - 	Shekhar Agro Marketing
OFFER FEES	NETBANKING	DUK1455812	07-NOV-22	12056	Completed Successfully	3704204526	SHIV KUMAR CHOUDHARY	9300949420	sartajveyarhouse@gmail.com	12056	FOR OFFER FEES
OFFER FEES	NETBANKING	DUK1458852	07-NOV-22	19186	Completed Successfully	3704204527	SANT KUMAR CHOUDHARY	8435666666	rajveyarhouse@gmail.com	19186	FOR OFFER FEES
OFFER FEES	NETBANKING	DUK1465868	07-NOV-22	4760	Completed Successfully	3303203947	Aarti Yadav	9300436387	aartiyadav3030@gmail.com	4760	OFFER - 	SHIV SHAKTI WAREHOUSE UNIT II
OFFER FEES	NETBANKING	DUK1466799	07-NOV-22	3652	Completed Successfully	3303206194	Sachin Yadav	8889055889	shivshaktisachinewh@gmail.com	3652	OFFER - 	SHIV SHAKTI WAREHOUSE
REGISTRATION FEE	SBDEBIT	DUK1466696	07-NOV-22	1141	Completed Successfully	3402207859	KUSHLATA RAJPUT	8770627608	KUSHLATA RAJPUT345@GMAIL.COM	1141.00	Registration FEES
OFFER FEES	SBDEBIT	DUK1467854	07-NOV-22	2852	Completed Successfully	3402207859	kushlata rajput	8770627608	kushlatarajput345@gmail.com	2852.00	offer fees
OFFER FEES	NETBANKING	DUK1468823	07-NOV-22	5752	Completed Successfully	2501207681	Sushma Singh	9424745131	singhpradeep071979@gmail.com	5752.00	
OFFER FEES	NETBANKING	DUK1475610	07-NOV-22	3853	Completed Successfully	2604205221	JAYANTI AGROPARK AND WAREHOUSE	9522124364	arpitagrawal117@gmail.com	3853	Offee fees
OFFER FEES	NETBANKING	DUK1475853	07-NOV-22	7574	Completed Successfully	1204206129	Shweta jain prop.Mookmaati warehouse	9425810620	carats24@gmail.com	7574	Offer fees for mookmaati warehouse kms22-23
REGISTRATION FEE	NETBANKING	DUK1477065	07-NOV-22	2251	Completed Successfully	2504207860	Sadhana Bajpeyee	9098405351	ramnath.bajpeyee@gmail.com	2251.00	
OFFER FEES	NETBANKING	DUK1477951	07-NOV-22	5630	Completed Successfully	2504207860	Sadhana Bajpeyee	9098405351	ramnath.bajpeyee@gmail.com	5630.00	
OFFER FEES	OTHERDCARD	DUK1481209	07-NOV-22	4542	Completed Successfully	2601205536	ARCHANA GOYAL	9826088993	somyashri2020@gmail.com	4542	OFFER DHAN
OFFER FEES	NETBANKING	DUK1487827	07-NOV-22	2340	Completed Successfully	090418078	sukhpal singh bundela	9977114431	spbundela@gmail.com	2340	offer fees  for shiv warehouse pawai panna
OFFER FEES	NETBANKING	DUK1489106	07-NOV-22	2025	Completed Successfully	3502206171	Dubey warehouse	9425328659	dubeygwarawarehouse@gmail.com	2025	
OFFER FEES	NETBANKING	DUK1490959	07-NOV-22	5616	Completed Successfully	1104207504	Vaijanti Choubey	9425801368	radhawh@gmail.com	5616	Offer - Radhakishan Warehouse
OFFER FEES	NETBANKING	DUK1491481	07-NOV-22	5616	Completed Successfully	1104207503	Anita Choubey	9425151059	choubeywh@gmail.com	5616	OFFER - Choubey Warehouse
OFFER FEES	OTHERDCARD	DUK1511161	08-NOV-22	3570	Completed Successfully	2601203905	LAXMI NARAYAN LOWANSHI	930335364	lowanshiwarehouse@gmail.com	3570	offer dhan
OFFER FEES	OTHERDCARD	DUK1511630	08-NOV-22	5355	Completed Successfully	2601207376	LAXMINARAYAN LOWANSHI	9893519444	laxmilowanshi@gmail.com	5355	OFFER DHAN
REGISTRATION FEE	NETBANKING	DUK1524876	08-NOV-22	2813	Completed Successfully	1204207862	shweta jain pro.mookmaati unit-2	9425810620	vidyashreesolvents@gmail.com	2813	registration fee for mookmaati unit-2
REGISTRATION FEE	NETBANKING	DUK1526335	08-NOV-22	2375	Completed Successfully	1104207863	SUSHMA RAI	9755716474	sushmaraidamoh@gmail.com	2375	JVS REGISTRATION FEES MAA WAREHOUSE



