Start Date	01/07/2023
End Date	31/07/2023

Category Name	Payment Mode	Bank Reference No	Transaction Date	Amount	Status	REGISTRATION ID	NAME OF DEPOSITOR	CONTACT NO.	EMAIL ID	FEE	Remarks
REGISTRATION FEE	NETBANKING	DUL1717788	03-JUL-23	1866	Completed Successfully	4101209055	SANJNA TADA	9926312000	ashwin.tada2151@gmail.com	1866	
REGISTRATION FEE	NETBANKING	DUL1852584	05-JUL-23	1020	Completed Successfully	3403209054	kisan seva kendra warehouse	9827170438	patelvidhadevi@gmail.com	1020.00	Registration fess
OFFER FEES	NETBANKING	DUL1857077	05-JUL-23	7417	Completed Successfully	3606208994	VRANDA BHARADWAJ	9425174923	vranda9397@gmail.com	7417	OFFER FEE AMIT
OFFER FEES	OTHERDCARD	DUL1991620	06-JUL-23	3469	Completed Successfully	4105209051	RAJESH GOUR	7806098988	GOURMOHIT193@gmail.com	3469	OFFER FEE
OFFER FEES	OTHERDCARD	DUL2074481	07-JUL-23	4666	Completed Successfully	4101209055	SANJNA TADA	8103000766	Ashwin.tada2151@gmail.com	4666	OFFER FEE
OFFER FEES	OTHERDCARD	DUL2075714	07-JUL-23	3382	Completed Successfully	4106209045	RAJESH PATEL	8770949960	entagroyuva222012@gmail.com	3382	OFFER FEE
OFFER FEES	BILLDESK	DUL2734792	15-JUL-23	6291	Completed Successfully	2601207038	PRABHA RAGHUWANSHI	9425045333	prabharaghuwanshi30@gmail.com	6291	offer fee
OFFER FEES	OTHERDCARD	DUL3489573	24-JUL-23	1841	Completed Successfully	3307205715	Avijit Vishnoi	9425323986	annushreewarehouse@gmail.com	1841	OFFER FEE



