Start Date	13/04/2022
End Date	17/04/2022

Category Name	Payment Mode	Bank Reference No	Transaction Date	Amount	Status	REGISTRATION ID	NAME OF DEPOSITOR	CONTACT NO.	EMAIL ID	FEE	Remarks
REGISTRATION FEE	NETBANKING	DUI8539594	13-APR-22	2250	Completed Successfully	3105207539	aditya rao gujre	9425111381	adityalogistics.1111@gmail.com	2250	
OFFER FEES	NETBANKING	DUI8540088	13-APR-22	5625	Completed Successfully	3105207539	aditya gujre	9425111381	adityalogistics.1111@gmail.com	5625	
OFFER FEES	OTHERDCARD	DUI8545742	13-APR-22	2250	Completed Successfully	0502203979	RAMESHWAR DAYAL SHARMA MANAGER	9425766351	ysatyendra373@mail.com	2250	
OFFER FEES	SBDEBIT	DUI8546950	13-APR-22	3376	Completed Successfully	2701207484	tridev warehouse	9584195806	harishagrawal51@yahoo.in	3376	OFFER FEES
REGISTRATION FEE	CREDITCARD	DUI8550905	13-APR-22	2000	Completed Successfully	1803207441	Sarita Bai	8435149461	shririddhisiddhiwarehouse@gamil.com	2000	Registration Fees Submitted By SMT Sarita Bai
OFFER FEES	CREDITCARD	DUI8550741	13-APR-22	5000	Completed Successfully	1803207441	Sarita bai	8435149461	shririddhisiddhiwarehouse@gamil.com	5000	Offer Fess Submitted By SMT Sarita Bai
REGISTRATION FEE	NETBANKING	DUI8554387	13-APR-22	720	Completed Successfully	3706207542	GIRDHARI LAL GOLHANI	7828545658	sharadgolhani1@gmail.com	720	REGISTRATION FEE
OFFER FEES	NETBANKING	DUI8561297	13-APR-22	2320	Completed Successfully	DM WAREHOUSE	MANORAMA GUPTA W/O MITHELSH GUPTA	9770701414	manoramagupta885@gmail.com	2320.00	OPPOSITE ESSAR PETROL PUMP, BAKAL ROAD BAHORIBAND DISTRICT KATNI MP 483501offer fee
REGISTRATION FEE	CREDITCARD	DUI8563567	13-APR-22	2285	Completed Successfully	0907207544	MAYA GAUTAM	9131200001	manojgautam94253@gmail.com	2285	2285
OFFER FEES	CREDITCARD	DUI8564751	13-APR-22	5713	Completed Successfully	0907207544	MAYA GAUTAM	9131200001	manojgautam94253@gmail.com	5713	5713
REGISTRATION FEE	BILLDESK	DUI8565927	13-APR-22	2310	Completed Successfully	3001207546	MOKSH WAREHOUSE	9826126674	ronitpatidar7@gmail.com	2310	registration fee of moksh warehouse
REGISTRATION FEE	NETBANKING	DUI8566118	13-APR-22	1240	Completed Successfully	3005207547	JAYA TIWARI	9009021524	shreetiwariwarehouse@gmail.com	1240	Registration fee
OFFER FEES	BILLDESK	DUI8566341	13-APR-22	5774	Completed Successfully	3001207546	moksh warehouse	9826126674	ronitpatidar7@gmail.com	5774	offer fee of moksh warehouse
REGISTRATION FEE	OTHERDCARD	DUI8566346	13-APR-22	1593	Completed Successfully	1001207543	Saroj Bai Tiwari	7000714871	harshitt862@gmail.com	1593	Reg Fee
OFFER FEES	NETBANKING	DUI8566649	13-APR-22	3099	Completed Successfully	3005207547	JAYA TIWARI	9009021524	shreetiwariwarehouse@gmail.com	3099	Offer Fee
OFFER FEES	NETBANKING	DUI8566825	13-APR-22	2039	Completed Successfully	3803181647	PREETI DESHMUKH	7974586345	www.kuldeepdeshmukh.com@gmail.com	2039	JVS 2022-23 OFFER FEE
OFFER FEES	OTHERDCARD	DUI8567116	13-APR-22	3982	Completed Successfully	1001207543	Saroj Bai Tiwari	7000714871	harshitt862@gmail.com	3982	Offer Fee
OFFER FEES	NETBANKING	DUI8566761	13-APR-22	1941	Completed Successfully	2606204481	SHREE KRISHNA WAREHOUSING	9479651945	shivamsharma1546@gmail.com	1941	offer fees
REGISTRATION FEE	OTHERDCARD	DUI8567708	13-APR-22	563	Completed Successfully	wlc2146583040214	robin victor	9303767548	robivic@gmal.com	563	
OFFER FEES	OTHERDCARD	DUI8569391	13-APR-22	5130	Completed Successfully	2206207531	Bharti Devi	8770496247	Yogiraj1278@rediffmail.com	5130.00	PAYMENT FOR OFFERED FEES
OFFER FEES	NETBANKING	DUI8569734	13-APR-22	6010	Completed Successfully	3304182587	AVTAR SINGH	7470700774	annapurnawarehouse2@gmail.com	6010	offer-	ANNPURNA WAREHOUSE
OFFER FEES	NETBANKING	DUI8570379	13-APR-22	5742	Completed Successfully	2606205923	SONAM WAREHOUSE	8889913506	korishailesh35@gmail.com	5742	OFFER FEES
REGISTRATION FEE	NETBANKING	DUI8574332	13-APR-22	4015	Completed Successfully	2510207548	NEHA TIWARI	8588868611	BK_DWIVEDI@REDIFFMAIL.COM	4015	REGISTRATION FEE
OFFER FEES	NETBANKING	DUI8575145	13-APR-22	10038	Completed Successfully	2510207548	NEHA TIWARI	8588868611	BK_DWIVEDI@REDIFFMAIL.COM	10038	OFFER FEE
REGISTRATION FEE	NETBANKING	DUI8575369	13-APR-22	1762	Completed Successfully	2907207549	MRS KABERI BAI MEENA	8959003908	shrimahadevkolukhedi2022@gmail.com	1762.00	REGISTRATION FEES
OFFER FEES	NETBANKING	DUI8575923	13-APR-22	4406	Completed Successfully	2907207549	Mrs Kaberi Bai Meena	8959003908	shrimahadevkolukhedi2022@gmail.com	4406.00	offer fees
REGISTRATION FEE	SBDEBIT	DUI8576049	13-APR-22	2667	Completed Successfully	2608207550	SHEETAL RAGHUWANSHI	8770326056	sheetalraghuwan18@gmail.com	2667	Registration fee
OFFER FEES	NETBANKING	DUI8576068	13-APR-22	5522	Completed Successfully	2510205278	NEHA TIWARI	8588868611	BKHDFC2011@GMAIL.COM	5522	OFFER FEE
OFFER FEES	NETBANKING	DUI8576556	13-APR-22	1800	Completed Successfully	3706207542	GIRDHARI LAL GOLHANI	7828545658	sharadgolhani1@gmail.com	1800	offer fee
REGISTRATION FEE	OTHERDCARD	DUI8577046	13-APR-22	2208	Completed Successfully	1909207551	SHRI HARLAL WARE HOUSE	9425976616	mandliyadeepak2021@gmail.com	2208	MRS DIPIKA MANDLIYA
OFFER FEES	NETBANKING	DUI8577472	13-APR-22	5787	Completed Successfully	1801205696	Chanda devi chouhan	9333333203	chouhanwh@gmail.com	5787	CHOUHAN WAREHOUSE
OFFER FEES	OTHERDCARD	DUI8577805	13-APR-22	5520	Completed Successfully	1909207551	SHRI HARLAL WARE HOUSE	9425976616	mandliyadeepak2021@gmail.com	5520	MRS DIPIKA MANDLIYA
REGISTRATION FEE	OTHERDCARD	DUI8578498	13-APR-22	2208	Completed Successfully	1909207552	SHRIMATI SHANTI WARE HOUSE	9300059022	rekhamandliya74@gmail.com	2208	MRS REKHA MANDLIYA
OFFER FEES	OTHERDCARD	DUI8578863	13-APR-22	5520	Completed Successfully	1909207552	SHRIMATI SHANTI WARE HOUSE	9300059022	rekhamandliya74@gmail.com	5520	MRS REKHA MANDLIYA
OFFER FEES	NETBANKING	DUI8579411	13-APR-22	5719	Completed Successfully	4207205600	SHIVANYA WAREHOUSE AND AGRO SERVICES	9425153986	shivanyawarehouse@gmail.com	5719	SHIVANYA OFFER OLD
REGISTRATION FEE	NETBANKING	DUI8580290	13-APR-22	682	Completed Successfully	3401181398	Sanjeev Kumar Nema	9425158255	sanjeevkumarnema@rediffmail.com	682	Renewal Registration
OFFER FEES	NETBANKING	DUI8581745	13-APR-22	3550	Completed Successfully	3301205924	Anuradha Singh	9399377616	shivanshiwarehousepatpara@gmail.com	3550	Offer - 	SHIVANSHI WAREHOUSE
REGISTRATION FEE	NETBANKING	DUI8581799	13-APR-22	1566	Completed Successfully	1104207553	MANJU SINGH THAKUR	7974881075	manjusinghthakur28@gmail.com	1566	REGISTRATION FEES
OFFER FEES	NETBANKING	DUI8582264	13-APR-22	3915	Completed Successfully	1104207553	MANJU SINGH THAKUR	1974881075	manjusinghthakur28@gmail.com	3915	OFFER FEES
OFFER FEES	NETBANKING	DUI8583186	13-APR-22	2231	Completed Successfully	1005204877	BRIJBIHARI MISHRA	9300614664	mishrarakesh1001@gmail.com	2231	ok
OFFER FEES	NETBANKING	DUI8583840	13-APR-22	3740	Completed Successfully	4604205757	RAJENDRA KOCHAR	9600781694	arpitkochar19@gmail.com	3740	
REGISTRATION FEE	OTHERDCARD	DUI8588013	13-APR-22	2992	Completed Successfully	0202193136	kushal kansana	9300022222	kushal_kansana@yahoo.in	2992	registration fee
REGISTRATION FEE	BILLDESK	DUI8592310	14-APR-22	2400	Completed Successfully	1201182568	PRATIBHA JAIN	8308216540	INSEPRABLE1613@GMAIL.COM	2400	FOR GODOWN NO 53,54,55
OFFER FEES	NETBANKING	DUI8593046	14-APR-22	4720	Completed Successfully	3306205172	LALITA SINGH RAJPOOT	8839463742	sakunshreewarehouse@gmail.com	4720	OFFER FEES
OFFER FEES	SBDEBIT	DUI8593803	14-APR-22	3713	Completed Successfully	3403205992	hariom warehouse	9926342174	hariomwarehouse001@gmail.com	3713	OFFER FEES
OFFER FEES	NETBANKING	DUI8594354	14-APR-22	4444	Completed Successfully	3306203918	LALITA SINGH RAJPOOT	88839463742	mukeshsingh06654@gmail.com	4444	OFFER FEES
REGISTRATION FEE	NETBANKING	DUI8596334	14-APR-22	2025	Completed Successfully	2701207530	madhu ben shah	9827042909	casandeepshah03@gmail.com	2025.00	registration fees paid(girish warehouse)
REGISTRATION FEE	SBDEBIT	DUI8598848	14-APR-22	2292	Completed Successfully	3003207451	DEEPAK PATEL	8319896675	deepakpatell2911@gmail.com	2292	pl
OFFER FEES	BILLDESK	DUI8598899	14-APR-22	2672	Completed Successfully	1305203691	divyashakti ware house khalwa	9926050005	ajaishriknw@gmail.com	2672	
OFFER FEES	NETBANKING	DUI8600730	14-APR-22	7130	Completed Successfully	330618545	JYOTI TIWARI	9826307301	adeshtiwari50@gmail.com	7130	Offer - MLT WAREHOUSE
OFFER FEES	BILLDESK	DUI8601575	14-APR-22	1444	Completed Successfully	3103204718	RAJESH DESHMUKH	9893065619	rajesh.desh4@gmail.com	1444	fee
OFFER FEES	SBDEBIT	DUI8604124	14-APR-22	3712	Completed Successfully	3403205985	PARAS WAREHOUSE	7697870777	paraswarehouse001@gmail.com	3712.00	offer fees
REGISTRATION FEE	NETBANKING	DUI8604711	14-APR-22	2401	Completed Successfully	2508207554	K D WAREHOUSE AND AGRO SERVICES	9425824552	KDWHNISHA@GMAIL.COM	2401	RAGISTRION FEES
OFFER FEES	OTHERDCARD	DUI8605069	14-APR-22	1898	Completed Successfully	3008205687	RAJ LOGISTICS SERVICES UNIT 2	9926004658	manishchouhan1973@gmail.com	1898	offer fee
OFFER FEES	NETBANKING	DUI8605110	14-APR-22	6002	Completed Successfully	2508207554	K D WAREHOUSE AND AGRO SERVICES	9425824552	KDWHNISHA@GMAIL.COM	6002	OFFER FEES
OFFER FEES	SBDEBIT	DUI8605416	14-APR-22	1710	Completed Successfully	3502193245	Mrs Gaytri Sahu	9425163631	gaytris@gmail.com	1710.00	Offer Fess
OFFER FEES	BILLDESK	DUI8605861	14-APR-22	5625	Completed Successfully	2601205688	SAWARIYA WAREHOUSE	9926669787	sawariyawarehouse0415@gmail.com	5625	OFFER FEE
OFFER FEES	BILLDESK	DUI8606251	14-APR-22	5625	Completed Successfully	2601205689	GANGA BAI PATEL	9826606048	jugalpatel89.jp@gmail.com	5625	offer fee
OFFER FEES	CREDITCARD	DUI8608378	14-APR-22	2250	Completed Successfully	180518354	Jyotish Sharma	9993500905	sharmajyotish48@gmail.com	2250	Offer Fees Submitted By Jyotish sharma
REGISTRATION FEE	NETBANKING	DUI8613312	14-APR-22	1794	Completed Successfully	2006207555	MAA REVA WAREHOUSE UMARIYA	9516271616	REVASHANKARPATEL85@GMAIL.COM	1794	REG
OFFER FEES	NETBANKING	DUI8613648	14-APR-22	4485	Completed Successfully	2006207555	MAA REWA WAREHOUSE UMARIYA	9516271616	revashankarpatel85@gmail.com	4485	offer fees
OFFER FEES	NETBANKING	DUI8613939	14-APR-22	1985	Completed Successfully	330718726	ADITYA TIWARI	8959042214	adityatiwari2214@gmail.com	1985	Offer - MADAN MOHAN WAREHOUSE
REGISTRATION FEE	NETBANKING	DUI8614665	14-APR-22	1794	Completed Successfully	2006207556	SHREE OM LEELA PATEL WAREHOUSE	9977951122	PATELPANKAJ011@GMAIL.COM	1794	REG
OFFER FEES	NETBANKING	DUI8615008	14-APR-22	4485	Completed Successfully	2006207556	SHREE OM LEELA PATEL WAREHOUSE	9977951122	PATELPANKAJ011@GMAIL.COM	4485	OFFER FEES
OFFER FEES	OTHERDCARD	DUI8618642	14-APR-22	3661	Completed Successfully	2604207260	M/s Rajput Agro Warehouse	8120120809	adhirit10101@gmail.com	3661	Offer Fees
OFFER FEES	SBDEBIT	DUI8620811	14-APR-22	1125	Completed Successfully	1007192714	GOURAV SHANDILYA	9826888866	golushandilya22@gmail.coom	1125	OFFER FEES
REGISTRATION FEE	NETBANKING	DUI8622630	14-APR-22	1465	Completed Successfully	3305207557	Divya Thakur	9981337174	yuvrajwh@gmail.com	1465	Registration - 	Yuvraj Warehouse
OFFER FEES	NETBANKING	DUI8622739	14-APR-22	3654	Completed Successfully	3305207557	Divya Thakur	9981337174	yuvrajwh@gmail.com	3654	Offer - Yuvraj Warehouse
REGISTRATION FEE	OTHERDCARD	DUI8625851	14-APR-22	2264	Completed Successfully	2605207558	Suresh Thakur	9617009457	ayatriwgarehousegajnai2020@gmail.com	2264	Reg fee
OFFER FEES	OTHERDCARD	DUI8626034	14-APR-22	5660	Completed Successfully	2605207558	Suresh Thakur	9617009457	gayatriwarehousegajnai2020@gmail.com	5660	Off Fee
OFFER FEES	NETBANKING	DUI8633669	15-APR-22	5925	Completed Successfully	3403205832	Shree Shakti Corporation Warehouse	9755545674	shreeshakticorp20@gmail.com	5925	OFFER FEES
OFFER FEES	SBDEBIT	DUI8633747	15-APR-22	1162	Completed Successfully	3306181492	ANKIT WAREHOUSE	8770155889	ankit111353@gmail.com	1162	
OFFER FEES	SBDEBIT	DUI8634290	15-APR-22	6668	Completed Successfully	2608207550	SHEETAL RAGHUWANSHI	9826876767	sheetalraghuwan18@gmail.com	6668	Offer Fee
REGISTRATION FEE	NETBANKING	DUI8635783	15-APR-22	2264	Completed Successfully	3304207559	SIYARAM WAREHOUSE PRO SUMIT PATEL	8770547901	2627sumitp@gmail.com	2264	registration fees
OFFER FEES	NETBANKING	DUI8636407	15-APR-22	5660	Completed Successfully	3304207559	SIYARAM WAREHOUSE PRO SUMIT PATEL	8770547901	2627sumitp@gmail.com	5660	offer fees
OFFER FEES	NETBANKING	DUI8638423	15-APR-22	5670	Completed Successfully	3304204205	SHRIRAM WAREHOUSE PRO SANTOSH BAI PATEL	9826811233	shriramwarehouse4@gmail.com	5670	offer fees
OFFER FEES	NETBANKING	DUI8638358	15-APR-22	2012	Completed Successfully	330418821	SHRI WAREHOUSE PRO ARUN PATEL	9826811233	shriwarehouse18@gmail.com	2012	OFFER FEES
REGISTRATION FEE	NETBANKING	DUI8641700	15-APR-22	434	Completed Successfully	2604207560	kamal kishor parashar	9893692155	yps83133@gmail.com	434	registration fees
OFFER FEES	NETBANKING	DUI8643603	15-APR-22	3060	Completed Successfully	3304181212	MITHLESH PATEL	9179695583	sahil8383@gmail.com	3060	Offer- SHUBHI WAREHOUSE
OFFER FEES	BILLDESK	DUI8643214	15-APR-22	2053	Completed Successfully	3708203728	Anuradha Jain	9977268888	anujain5739@gmail.com	2053	This fee for jvs offer
REGISTRATION FEE	NETBANKING	DUI8643931	15-APR-22	2284	Completed Successfully	0803207561	MRS NITIKA JOSHI	9111118118	sankalp_joshi@ymail.com	2284	warehouse registration fees under joint venture scheme by UDAY WAREHOUSE, ROLAI
OFFER FEES	SBDEBIT	DUI8647882	15-APR-22	2630	Completed Successfully	3304181465	ARUN PRATAP SINGH	9425800279	ashiwarehouse79@gmail.com	2630.00	Offer Fees Rs. 2630.00
OFFER FEES	SBDEBIT	DUI8648082	15-APR-22	2250	Completed Successfully	4604203943	VIKAS KUMAR JAIN	8319008429	SHUKLAABHISHEK608@GMAIL.COM	2250	VIKAS KUMAR JAIN
REGISTRATION FEE	OTHERDCARD	DUI8649450	15-APR-22	2278	Completed Successfully	2605207563	Amit chhabadiya	9406930143	satyamoil.sgp@gmail.com	2278	Reg. Fee
OFFER FEES	OTHERDCARD	DUI8649717	15-APR-22	5695	Completed Successfully	2605207563	Amit Chhabadiya	9406930143	satyamoil.sgp@gmail.com	5695	Off Fee
OFFER FEES	NETBANKING	DUI8650116	15-APR-22	1084	Completed Successfully	2604207560	kamal kishor parashar	9893692155	yps83133@gmail.com	1084	offer fees
REGISTRATION FEE	CREDITCARD	DUI8650757	15-APR-22	2244	Completed Successfully	1805206026	Mr.Bharat singh Bais	70767367670	bais124@gmail.com	2244	Registration fees submitted by bharat singh bais
OFFER FEES	CREDITCARD	DUI8650365	15-APR-22	5611	Completed Successfully	1805206026	Mr Bharat singh bais	9425092734	bais124@gmail.com	5611	Offer Fees Submitted By Bharat singh Bais
OFFER FEES	NETBANKING	DUI8652086	15-APR-22	5625	Completed Successfully	3002204963	VANDANA NAMDEV	998147692276	deepaknamdevbildcon@gmail.com	5625	VANDAN NAMDEV DEVNAGAR WAREHOUSE OFFER FEES
REGISTRATION FEE	NETBANKING	DUI8653169	15-APR-22	2280	Completed Successfully	2706207364	SMT KSHAMA SHARMA	9826911483	sarveshsharmagt@gmail.com	2280	REGESTION FEES
OFFER FEES	NETBANKING	DUI8654939	15-APR-22	3804	Completed Successfully	3306206040	Deepmala Patel	9131493839	rakeshpatel3440@gmail.com	3804.00	Offer Fees
OFFER FEES	BILLDESK	DUI8655410	15-APR-22	8859	Completed Successfully	290218946	VISHAL SHIVHERA	7000165018	rajashivhare123@gmail.com	8859	Please
OFFER FEES	NETBANKING	DUI8655159	15-APR-22	3201	Completed Successfully	3306205517	Shraddha Sahu	8518009082	acfood2001@gmail.com	3201.00	Offer Fees
REGISTRATION FEE	BILLDESK	DUI8658298	15-APR-22	1869	Completed Successfully	2905207004	anita panwar	9926584899	gayatriwarehouse111@gmail.com	1869	
OFFER FEES	BILLDESK	DUI8657960	15-APR-22	4672	Completed Successfully	2905207004	Anita panwar	9926584899	gayatriwarehouse111@gmail.com	4672	
REGISTRATION FEE	NETBANKING	DUI8660274	15-APR-22	4885	Completed Successfully	2701207564	jyoti Jain	9993338066	Siddharthwarehousing@gmail.com	4885.00	registration fees paid(Siddharthwarehousingco.)
OFFER FEES	NETBANKING	DUI8660367	15-APR-22	3954	Completed Successfully	2701207564	jyoti Jain	9993338066	Siddharthwarehousing@gmail.com	3954.00	offer fees paid(Siddharthwarehousingco.)
REGISTRATION FEE	SBDEBIT	DUI8661454	15-APR-22	855	Completed Successfully	2904207565	Bharti Chouhan	9753571092	bhartichouhanwarehouse@gmail.com	855	REGISTRATION FEES
OFFER FEES	SBDEBIT	DUI8661539	15-APR-22	2138	Completed Successfully	2904207565	Bharti Chouhan	9753571092	bhartichouhanwarehouse@gmail.com	2138	Offer Fees
OFFER FEES	NETBANKING	DUI8661746	15-APR-22	5699	Completed Successfully	2706207364	SMT KSHAMA SHARMA	9826911483	sarveshsharmagt@gmail.com	5699	offer fees
REGISTRATION FEE	OTHERDCARD	DUI8664974	16-APR-22	1152	Completed Successfully	2003207566	arvind nahar	9575778086	arvindnahar111@gmail.com	1152	SIDDHI VINAYAK WAREHOUSE registration fee
REGISTRATION FEE	BILLDESK	DUI8665748	16-APR-22	1152	Completed Successfully	2003207566	arvind nahar	9575778086	arvindnahar111@gmail.com	1152	free
OFFER FEES	BILLDESK	DUI8666154	16-APR-22	2881	Completed Successfully	2003207566	arvind nahar	9575778086	arvindnahar111@gmail.com	2881	fee
OFFER FEES	OTHERDCARD	DUI8672865	16-APR-22	1002	Completed Successfully	1804204329	RAKHI SONI	9893396006	maadurgawarehouse@gmail.com	1002.00	500
OFFER FEES	NETBANKING	DUI8673635	16-APR-22	3308	Completed Successfully	330518560	NISHAR BROTHERS WAREHOUSE GOURAHA PRO FIROJ BEGAM	9424957778	nisharbrotherswarehouse@gmail.com	3308	offer fees
OFFER FEES	NETBANKING	DUI8675403	16-APR-22	5812	Completed Successfully	4204205987	SHREE GURU KRIPA WAREHOUSE	9438160483	shelesh.pandey@gmail.com	5812	GURU OFFER
OFFER FEES	NETBANKING	DUI8675320	16-APR-22	5730	Completed Successfully	3003207541	DEEPAK PATEL	8319896675	deepak2911patel@gmail.com	5730	ok
OFFER FEES	OTHERDCARD	DUI8681679	16-APR-22	4290	Completed Successfully	290618308	CHITRA NAGAR	9893987721	anshu.mobile12@gmail.com	4290	OK
REGISTRATION FEE	NETBANKING	DUI8687480	16-APR-22	2318	Completed Successfully	4204207567	SHREE GURU KRIPA WAREHOUSE 1	8269730483	shelesh_pandey@rediffmail.com	2318	gk1 reg
OFFER FEES	NETBANKING	DUI8687814	16-APR-22	5794	Completed Successfully	4204207567	SHREE GURU KRIPA WAREHOUSE 1	8269730483	shelesh_pandey@rediffmail.com	5794	GK1 OFFER
OFFER FEES	NETBANKING	DUI8690619	16-APR-22	3456	Completed Successfully	2606182411	ASTHA WAREHOUSING & LOGISTICS CORPORTION	9424060123	meenakabra63@gmail.com	3456	OFFER FEES
OFFER FEES	NETBANKING	DUI8690657	16-APR-22	2430	Completed Successfully	2606193320	THE NARMDAVALLEY WAREHOUSING	9424060123	mukund26@gmail.com	2430	OFFER FEES
OFFER FEES	NETBANKING	DUI8690917	16-APR-22	5709	Completed Successfully	2606204965	WAHEGURU WAREHOUSE	9993206263	vinaypinjani1992@gmail.com	5709	OFFER FEES
OFFER FEES	NETBANKING	DUI8691302	16-APR-22	5674	Completed Successfully	2606204970	MS GOYDANI WAREHOUSING	9425437730	avinashgoydani@gmail.com	5674	OFFER FEES
OFFER FEES	NETBANKING	DUI8692562	16-APR-22	15826	Completed Successfully	1001204745	RAKESH MOTIYANI	9993299939	mpwlcamarnath@gmail.com	15826	offer fees
REGISTRATION FEE	BILLDESK	DUI8695105	16-APR-22	1240	Completed Successfully	WLC2532541040313	Sandeep Kekre	9009654320	sandeep_kekre@yahoo.com	1240	
OFFER FEES	BILLDESK	DUI8695653	16-APR-22	1391	Completed Successfully	WLC2532541040313	Shree Sai warehouse	9009654320	sandeep_kekre@yahoo.com	1391	
REGISTRATION FEE	OTHERDCARD	DUI8697935	16-APR-22	2300	Completed Successfully	2604207532	Om Sai Ram Warehouse	9589391127	rupeshgour555@gmail.com	2300	Registration Fess
OFFER FEES	OTHERDCARD	DUI8698841	16-APR-22	5749	Completed Successfully	2604207532	Om Sai Ram Warehouse	9589391127	rupeshgour555@gmail.com	5749	Offer Fees
OFFER FEES	BILLDESK	DUI8715664	17-APR-22	5625	Completed Successfully	1201204884	SATYAM SHUKLA	9926197991	satyam.shukla122@gmail.com	5625	
REGISTRATION FEE	NETBANKING	DUI8716396	17-APR-22	2310	Completed Successfully	1106207569	PUSHPLATA SINGH PATEL	7011690263	shishupalrajput193@gmail.com	2310	REGISTRATION FEE
REGISTRATION FEE	NETBANKING	DUI8717640	17-APR-22	2265	Completed Successfully	1106207570	PRATIGYA SINGH PATEL	8818839500	patelspratigya@gmail.com	2265	REGISTRATION FEE
OFFER FEES	OTHERDCARD	DUI8717893	17-APR-22	3239	Completed Successfully	2605205951	Raghav Baheti	9479800106	baheti.raghav16@gmail.com	3239	Off Fee
OFFER FEES	OTHERDCARD	DUI8717946	17-APR-22	5884	Completed Successfully	2605205952	Raghav Baheti	9479800106	raghav.baheti@gmail.com	5884	Off Fee
OFFER FEES	NETBANKING	DUI8719098	17-APR-22	5773	Completed Successfully	1106207569	PUSHPLATA SINGH PATEL	7011690263	shishupalrajput193@gmail.com	5773	OFFER FEE
OFFER FEES	NETBANKING	DUI8719622	17-APR-22	5660	Completed Successfully	1106207570	PRATIGYA SINGH PATEL	8818839500	patelspratigya@gmail.com	5660	offer fee
REGISTRATION FEE	OTHERDCARD	DUI8731320	17-APR-22	655	Completed Successfully	1001193059	diwakar warehouse	9713308003	jasbantkabirpanthi@gmail.com	655	



