Start Date	14/11/2022
End Date	14/11/2022

Category Name	Payment Mode	Bank Reference No	Transaction Date	Amount	Status	REGISTRATION ID	NAME OF DEPOSITOR	CONTACT NO.	EMAIL ID	FEE	Remarks
OFFER FEES	NETBANKING	DUK1799795	14-NOV-22	1087	Completed Successfully	0904206211	VED NARAYAN PANDEY	9340082481	pannaonline143@gmail.com	1087	ok
OFFER FEES	NETBANKING	DUK1809635	14-NOV-22	3900	Completed Successfully	3701206227	MADHURI AGRAWAL	9424364633	rupeshagrawal172@gmail.com	3900	FOR OFFER FEES
OFFER FEES	NETBANKING	DUK1810956	14-NOV-22	3900	Completed Successfully	3701206228	POONAM ESARKA	8349431773	vishalesarkaseoni@gmail.com	3900	FOR OFFER FEES
OFFER FEES	SBDEBIT	DUK1813767	14-NOV-22	1768	Completed Successfully	1405207897	AMAR TRIPATHI	8120574899	shrishiva.warehouse@gmail.com	1768.00	Payment For Registration Fee
OFFER FEES	NETBANKING	DUK1814925	14-NOV-22	6615	Completed Successfully	3303181033	RAM  KISHOR  PATEL	9993789995	rampata57847@gmail.com	6615	OFFER - 	VINAYAK WAREHOUSE
OFFER FEES	NETBANKING	DUK1815757	14-NOV-22	3308	Completed Successfully	330518641	TEERATH SINGH THAKUR	9300666457	sastguruwarehouse@gmail.com	3308.00	OFFER FEES. 3308.00
OFFER FEES	NETBANKING	DUK1816521	14-NOV-22	5628	Completed Successfully	3703207692	MANSI WAREHOUSE	9617585551	ABHINAVMALOO@GMAIL.COM	5628	
OFFER FEES	SBDEBIT	DUK1816774	14-NOV-22	4420	Completed Successfully	1405207897	AMAR TRIPATHI	8120574899	shrishiva.warehouse@gmail.com	4420.00	OFFER FEES
OFFER FEES	NETBANKING	DUK1817917	14-NOV-22	5460	Completed Successfully	3307207813	Vineeta Bai Avasthi	8770907293	pushprajwh@gmail.com	5460	OFFER - 	Pushpraj Warehouse
OFFER FEES	NETBANKING	DUK1820049	14-NOV-22	4330	Completed Successfully	3303182213	DHANRAJ SINGH THAKUR	7000680076	dj.thanks111@gmail.com	4330	OFFER -	THAKUR WAREHOUSE
OFFER FEES	NETBANKING	DUK1821784	14-NOV-22	1176	Completed Successfully	3504206200	LAMPS PARASWARA	9407310102	lampsdithouri@gmail.com	1176	
OFFER FEES	NETBANKING	DUK1822073	14-NOV-22	2000	Completed Successfully	3303192827	Chakresh Jain	7987333721	6vikramsinghyadav@gmail.com	2000	OFFER - pawan agro marketing
OFFER FEES	NETBANKING	DUK1822687	14-NOV-22	1477	Completed Successfully	330518558	SAILESH GUPTA	9977932363	shrikrishanphase2@gmail.com	1477.00	OFFER FEES. 1477.00
OFFER FEES	NETBANKING	DUK1827416	14-NOV-22	2295	Completed Successfully	3304192909	RAJNISH PATEL	9826618718	rajnishpatelsihora23@gmail.com	2295.00	OFFER FEES 2295.00
OFFER FEES	NETBANKING	DUK1829739	14-NOV-22	3753	Completed Successfully	3305205262	SHOBHNA JAIN	8770776005	sajalietdavv@gmail.com	3753	offer fees
OFFER FEES	NETBANKING	DUK1829997	14-NOV-22	2223	Completed Successfully	3701206206	RANJITA SONI	9425445675	mrwarehouseseoni@gmail.com	2223	FOR OFFER FEES
OFFER FEES	NETBANKING	DUK1832002	14-NOV-22	2223	Completed Successfully	3701206207	RANJITA SONI	9425445675	mrwarehousetwo@gmail.com	2223	FOR OFFER FEES
OFFER FEES	NETBANKING	DUK1834656	14-NOV-22	3780	Completed Successfully	3305193107	VINAY JAIN	8889033525	vinaysihora2@gmail.com	3780.00	OFFER FEES - 3780.00
OFFER FEES	NETBANKING	DUK1834876	14-NOV-22	1322	Completed Successfully	3806206274	JAGMOHAN SINGH NIRALA	8319112238	naveen1234surana@gmail.com	1322	jvs offer fees
REGISTRATION FEE	NETBANKING	DUK1836358	14-NOV-22	1350	Completed Successfully	3307207898	Purnima Patel	9340981001	ramkeshwh@gmail.com	1350	registration - Ramkesh Baba Warehouse
OFFER FEES	NETBANKING	DUK1836714	14-NOV-22	3375	Completed Successfully	3307207898	Purnima Patel	9340981001	ramkeshwh@gmail.com	3375	offer - 	Ramkesh Baba Warehouse
OFFER FEES	NETBANKING	DUK1839733	14-NOV-22	3050	Completed Successfully	3306205268	Harshit Agrawal	7047803308	agrawalharshrut6868@gmail.com	3050	offer - ANJANI WAREHOUSE
OFFER FEES	NETBANKING	DUK1841095	14-NOV-22	3600	Completed Successfully	3305207839	Prakash Narayan Paliwal	9229222334	shrijeewh@gmail.com	3600	offer - 	Shrijee Warehouse
OFFER FEES	NETBANKING	DUK1844067	14-NOV-22	6082	Completed Successfully	3608207875	PRADNYA DIGVIJAYANT TUMDAM	9960681952	pradnyatumdam547@gmail.com	6082	
OFFER FEES	OTHERDCARD	DUK1844602	14-NOV-22	8741	Completed Successfully	0903207606	RAKESH KUMAR PATEL GOPAL JI WAREHOUSE	9425167998	rajesh.ptl196501@gmail.com	8741	
REGISTRATION FEE	OTHERDCARD	DUK1845463	14-NOV-22	907	Completed Successfully	370118800	SAHKAR WAREHOUSE	9425175773	seoni.banki14@gmail.com	907	
OFFER FEES	NETBANKING	DUK1845389	14-NOV-22	5001	Completed Successfully	3701206231	SHALINI JAIN	9425426828	shishirjain964@gmail.com	5001	FOR OFFER FEES
OFFER FEES	OTHERDCARD	DUK1846065	14-NOV-22	2267	Completed Successfully	370118800	SAHKAR WAREHOUSE	9425175773	seoni.banki14@gmail.com	2267	
OFFER FEES	NETBANKING	DUK1846619	14-NOV-22	5732	Completed Successfully	3802206202	Bhavna Patel	9131961209	pranavpat70@gmail.com	5732.00	MPWLC Balaghat
OFFER FEES	NETBANKING	DUK1846836	14-NOV-22	3375	Completed Successfully	3307181179	SMT SAVITA TIWARI	8602000000	parsh0067@gmail.com	3375	OFFER - PST WAREHOUSE
REGISTRATION FEE	OTHERDCARD	DUK1847001	14-NOV-22	907	Completed Successfully	3701181086	SAHKAR WAREHOUSE	9425175773	banki14@rediffmail.com	907	
OFFER FEES	OTHERDCARD	DUK1846939	14-NOV-22	2267	Completed Successfully	3701181086	SAHKAR WAREHOUSE	9425175773	banki14@rediffmail.com	2267	
OFFER FEES	NETBANKING	DUK1847331	14-NOV-22	5891	Completed Successfully	3802206204	Krishna Patel	6264899959	patelshivam68@gmail.com	5891.00	MPWLC Balaghat
OFFER FEES	NETBANKING	DUK1846966	14-NOV-22	1810	Completed Successfully	1405204511	raj narayan singh	9004365549	raj.singh.we12@gmail.com	1810	offer fees
REGISTRATION FEE	OTHERDCARD	DUK1848184	14-NOV-22	465	Completed Successfully	3701193133	SEWA SAHKARI SAMITI BANKI CHANDORI KHURD	9425175773	mynewgrand@gmail.com	465	
OFFER FEES	OTHERDCARD	DUK1848508	14-NOV-22	1162	Completed Successfully	3701193133	SEWA SAHKARI SAMITI BANKI CHANDORI KHURD	9425175773	mynewgrand@gmail.com	1162	
OFFER FEES	BILLDESK	DUK1850609	14-NOV-22	5738	Completed Successfully	4206207855	ANNPURNA WAREHOUSE	9893721119	jittu4245@gmail.com	5738	VILLAGE DOKARIYA KHASRA NUMBER 135/6 TEHSIL VIJAYRAGHAVGARH DISTRICT KATNI MADHYA PRADESH OFFERS A FEE FOR THE TEAR
OFFER FEES	OTHERDCARD	DUK1851213	14-NOV-22	2900	Completed Successfully	3701207760	PRATIBHA JAIN	9893851999	pratibhaj2509@gmail.com	2900	na
OFFER FEES	NETBANKING	DUK1851109	14-NOV-22	3605	Completed Successfully	3303182509	Vandana Singh	9109291609	ajit4004@gmail.com	3605	OFFER - AYUSHI GRAMIN GODOWN WAREHOUSE
OFFER FEES	BILLDESK	DUK1851835	14-NOV-22	5625	Completed Successfully	3701207887	RAGINI CHANDEL	8461068999	chandel.yuvraj6@gmail.com	5625	NA
OFFER FEES	OTHERDCARD	DUK1852059	14-NOV-22	4613	Completed Successfully	0908206049	SMT AJAY PATEL SADGURU WAREHOUSE	9425167998	rakeshku.2121@gmail.com	4613	
OFFER FEES	NETBANKING	DUK1852062	14-NOV-22	930	Completed Successfully	3307193358	Prakash Yadav	9300116585	prakash.traders@gmail.com	930	OFFER - Prakash traders iI
REGISTRATION FEE	OTHERDCARD	DUK1851759	14-NOV-22	1440	Completed Successfully	2906203904	SANGEETA CHOUHAN	9993042998	anshu.moile123@gmail.com	1440	OK
OFFER FEES	OTHERDCARD	DUK1852280	14-NOV-22	3600	Completed Successfully	2906203904	SANGEETA CHOUHAN	9993042998	anshu.moile123@gmail.com	3600	
OFFER FEES	NETBANKING	DUK1852724	14-NOV-22	1268	Completed Successfully	4803207878	varsharani karcham	7987030214	santoshkarcham08@gmail.com	1268	Regostration Fees
OFFER FEES	NETBANKING	DUK1852733	14-NOV-22	4990	Completed Successfully	330318205	RAJEEV TIWARI	9893511815	whomsaiagro@gmail.com	4990	OFFER- OM SAI AGRO MARKETING
OFFER FEES	OTHERDCARD	DUK1852360	14-NOV-22	6119	Completed Successfully	0908206050	Smt KUSUM PATEL SIDDHI VINAYAK WAREHOUSE	9425454305	jdsadgurutactors2505@gmail.com	6119	
REGISTRATION FEE	OTHERDCARD	DUK1852372	14-NOV-22	2268	Completed Successfully	2906203925	RAJENDRA CHOUHAN	9993042998	anshu.moile123@gmail.com	2268	OK
OFFER FEES	OTHERDCARD	DUK1853313	14-NOV-22	5600	Completed Successfully	2906203925	RAJENDRA CHOUHAN	9993042998	anshu.moile123@gmail.com	5600	OK
OFFER FEES	BILLDESK	DUK1853776	14-NOV-22	5625	Completed Successfully	3701207885	MEENA CHANDEL	9871616827	meenachandel63@gmail.com	5625	NA
OFFER FEES	OTHERDCARD	DUK1853843	14-NOV-22	4500	Completed Successfully	2906204979	NUTAN KOYHARI	9200705758	anshu.moile123@gmail.com	4500	OK
OFFER FEES	OTHERDCARD	DUK1854289	14-NOV-22	2400	Completed Successfully	1901207105	PRIYANKA TIWARI	9424000140	govind.preeka03@gmail.com	2400	OFFER FEE
OFFER FEES	NETBANKING	DUK1854781	14-NOV-22	5616	Completed Successfully	4204206671	EKTA WAREHOUSE	9425153971	pkmkatni@gmail.com	5616	OFFER FEES
OFFER FEES	NETBANKING	DUK1855579	14-NOV-22	13502	Completed Successfully	3704192824	RAJNISH SINGH	9425174699	waingangawarehouse@gmail.com	13502	waingangawarehouse
OFFER FEES	BILLDESK	DUK1856444	14-NOV-22	5625	Completed Successfully	3701207464	POONAM	9440567211	pawan.mehandiratta1974@gmail.com	5625	NA
OFFER FEES	NETBANKING	DUK1857410	14-NOV-22	5062	Completed Successfully	3305205749	Shashi Kurariya	8989401110	adityakurariya22@gmail.com	5062	OFFER - shashi warehouse
OFFER FEES	BILLDESK	DUK1858198	14-NOV-22	3938	Completed Successfully	3104207864	ANAND AGRAWAL	9425002980	balajiconst2019@gmail.com	3938	BALAJI AGRO SERVICES WAREHOUSE RATAMATI OFFER FEES 3938 REGISTRATION NO 3104207864
OFFER FEES	SBDEBIT	DUK1858667	14-NOV-22	5662	Completed Successfully	2602207874	HEMADRI WAREHOUSE	7869960071	jayendrasinghsolanki@gmail.com	5662	offer fee
OFFER FEES	NETBANKING	DUK1858968	14-NOV-22	2902	Completed Successfully	330518713	ALOK KUMAR TRIPATHI	9584447760	alokkumartripathi007@gmail.com	2902.00	OFFER FEES 2902.00
OFFER FEES	NETBANKING	DUK1859849	14-NOV-22	5558	Completed Successfully	3305205826	ALOK KUMAR TRIPATHI	8319692297	alok9894@gmail.com	5558.00	OFFER FEES 5558.00
REGISTRATION FEE	NETBANKING	DUK1860866	14-NOV-22	900	Completed Successfully	1203207900	Chandra Prabha Singh	8989843314	Jhinnawarehouse@gmail.com	900.00	
OFFER FEES	NETBANKING	DUK1861422	14-NOV-22	2251	Completed Successfully	1203207900	Chandra Prabha Singh	8989843314	Jhinnawarehouse@gmail.com	2251.00	
REGISTRATION FEE	NETBANKING	DUK1861892	14-NOV-22	2270	Completed Successfully	3303207901	Sumat Rani	7507929916	nileshbheempatel@gmail.com	2270	REGISTRATION -Shree Rohani Prasad Warehouse
OFFER FEES	SBDEBIT	DUK1862661	14-NOV-22	5603	Completed Successfully	2608207420	DEEKSHA GOUR	9977635715	deekshag6261@gmail.com	5603	Offer Fee



