Start Date	15/03/2022
End Date	15/03/2022

Category Name	Payment Mode	Bank Reference No	Transaction Date	Amount	Status	REGISTRATION ID	NAME OF DEPOSITOR	CONTACT NO.	EMAIL ID	FEE	Remarks
OFFER FEES	SBDEBIT	DUI7023691	15-MAR-22	7920	Completed Successfully	170618697	khuzema najmuddin dalal	9752977180	khuzema_7412@hotmail.com	7920	PLEASE SUBMIT ACKNOWLEDEMENT RECEIPT TO THE NEAREST MPWLC BRANCH
REGISTRATION FEE	CREDITCARD	DUI7029656	15-MAR-22	1210	Completed Successfully	2703181891	narendra	8839469998	vandanawlc0001@gmail.com	1210	
OFFER FEES	CREDITCARD	DUI7032074	15-MAR-22	3828	Completed Successfully	1805205205	Prafulla pandya	9406880871	warehouseshivshakat@gmail.com	3828	Offer Fees Submitted By Prafulla Pandya
OFFER FEES	CREDITCARD	DUI7032616	15-MAR-22	2250	Completed Successfully	1805204835	Rekha Garg	8237385716	matushreewarehouse02@gmail.com	2250	Offer Fees Submitted By Rekha Garg
OFFER FEES	NETBANKING	DUI7032480	15-MAR-22	8479	Completed Successfully	010218197	mamta bandil	9826342730	bandilmchandra@gmail.com	8479	offer fee
OFFER FEES	CREDITCARD	DUI7033036	15-MAR-22	4533	Completed Successfully	1805204238	Rekha Garg	9098500333	chayan.garg@gmail.com	4533	Offer Fees Submitted By Rekha Garg
OFFER FEES	NETBANKING	DUI7033286	15-MAR-22	6675	Completed Successfully	0102182100	mahesh bandil	6261634120	bmchandra28@gmail.com	6675	offer fee
OFFER FEES	NETBANKING	DUI7034797	15-MAR-22	2008	Completed Successfully	050318491	RANJNA ARYA	9406584715	ra9406584715@gmail.com	2008	GOPI WARE HOUSE
REGISTRATION FEE	NETBANKING	DUI7035810	15-MAR-22	3012	Completed Successfully	1006206731	R B AGRO MILLING PVT LTD	9311067502	rajesh.gautam54@yahoo.com	3012	REGISTRATION FEE
OFFER FEES	CREDITCARD	DUI7035647	15-MAR-22	4400	Completed Successfully	1901205280	yogesh purohit	9630091825	yogesh_purohit@ruchiinfrastructure.com	4400	190-120-5280
REGISTRATION FEE	NETBANKING	DUI7036161	15-MAR-22	905	Completed Successfully	2706206675	garg warehouse unit 3	9926355046	manishrajsrj@gmail.com	905	REGISTRATION FEE
OFFER FEES	NETBANKING	DUI7037407	15-MAR-22	2262	Completed Successfully	2706206675	garg warehouse unit 3	9926355046	manishrajsrj@gmail.com	2262	OFFER FEE
OFFER FEES	NETBANKING	DUI7037475	15-MAR-22	7530	Completed Successfully	1006206731	R B AGRO MILLING PVT LTD	9311067502	rajesh.gautam54@yahoo.com	7530	OFFER FEE
OFFER FEES	NETBANKING	DUI7037524	15-MAR-22	431	Completed Successfully	1001192987	Rajendra Prasad Suhaney	9753729660	ashu_s9@yahoo.com	431	
OFFER FEES	CREDITCARD	DUI7037929	15-MAR-22	4407	Completed Successfully	4205203944	yogesh purohit	9630091825	yogesh_purohit@ruchiinfrastructure.com	4407	420-520-3944
OFFER FEES	NETBANKING	DUI7038488	15-MAR-22	5602	Completed Successfully	1904205194	CHHYA GANDHI	7583875444	NEERG7@GMAIL.COM	5602	OFFER FEES
OFFER FEES	NETBANKING	DUI7038707	15-MAR-22	1077	Completed Successfully	1001192987	Rajendra Prasad Suhaney	9753729660	ashu_s9@yahoo.com	1077	
OFFER FEES	SBDEBIT	DUI7039144	15-MAR-22	4590	Completed Successfully	1301204931	NATIONAL WAREHOUSE II	9098798592	sandhya.kanwar2011@gmail.com	4590	Warehouse Godown offer Fees
REGISTRATION FEE	SBDEBIT	DUI7039624	15-MAR-22	1830	Completed Successfully	1805206310	Primus Chemicals Ltd.	9425394066	primuschemltd@gmail.com	1830	Registration applied for 4574 MT. But granted registration of 3944 MT. As no facility to update registration, so, higher fees for 4574 MT automatically charged
REGISTRATION FEE	OTHERDCARD	DUI7039599	15-MAR-22	1291	Completed Successfully	2603206743	SYED SAJJAD ALI KESAR MULTIMODAL LOGISTICS LIMITED GODOWN II	9111021607	arunverma@kesarmultimodal.com	1291	
OFFER FEES	NETBANKING	DUI7040104	15-MAR-22	4658	Completed Successfully	4101205349	AJAY SHARMA	9826450376	shriramkrupaharda@gmail.com	4658	
OFFER FEES	OTHERDCARD	DUI7040287	15-MAR-22	3228	Completed Successfully	2603206743	SYED SAJJAD ALI KESAR MULTIMODAL LOGISTICS LIMITED GODOWN II	9111021607	arunverma@kesarmultimodal.com	3228	
OFFER FEES	NETBANKING	DUI7041321	15-MAR-22	6795	Completed Successfully	1305203432	BIRDICHAND MOHANLAL GUPTA WAREHOUSE KHEDI	9425085114	bcmgguptaknw@gmail.com	6795	OFFER FEE
OFFER FEES	SBDEBIT	DUI7041607	15-MAR-22	1217	Completed Successfully	3403181291	Aastha waerhouse	9425468216	alokkharya@gmail.com	1217	OFFER FEES
OFFER FEES	NETBANKING	DUI7042004	15-MAR-22	5696.25	Completed Successfully	3301204006	Meenal Pandey	7772881548	meenapandey0601@gmail.com	5696.25	
OFFER FEES	SBDEBIT	DUI7042362	15-MAR-22	3602	Completed Successfully	1011181211	Ashok Kumar Asati	8462001131	yadav.arvind829@gmail.com	3602	OFFER FEES
OFFER FEES	NETBANKING	DUI7043428	15-MAR-22	7428	Completed Successfully	3307193336	Meena Pandey	9425036003	romitpandey@gmail.com	7428	Offer Fees for Shri Raj Warehouse Unit 1
OFFER FEES	NETBANKING	DUI7044021	15-MAR-22	1350	Completed Successfully	4102192938	seva sahkari samiti dhanwada	9926482779	kbharda37@gmail.com	1350	OFFER FEES
OFFER FEES	NETBANKING	DUI7043990	15-MAR-22	28237	Completed Successfully	080518835	Manoj pujari	8109789526	rajpandit1110@gmail.com	28237	Lakshya ware housing fees indore
OFFER FEES	NETBANKING	DUI7044375	15-MAR-22	9872	Completed Successfully	3307205722	Meena Pandey	7772881548	shrirajwarehouse3@gmail.com	9872	Offer fees for Shri Raj warehouse unit 3
REGISTRATION FEE	BILLDESK	DUI7044946	15-MAR-22	5338	Completed Successfully	3002206744	Mukesh Agrawal	8889565111	MBDA.IN@GMAIL.COM	5338	BALREGISTRATION FEE
OFFER FEES	SBDEBIT	DUI7045933	15-MAR-22	4662	Completed Successfully	2603192636	SANGEETA CHOUREY	8269335160	sangeetachourey91@gmail.com	4662	Offer Fee
OFFER FEES	NETBANKING	DUI7046229	15-MAR-22	6922	Completed Successfully	1901192814	BHAGIRATH WARE HOUSE	9425084720	bhagirathwarehouse@gmail.com	6922	OFFER FEE
OFFER FEES	NETBANKING	DUI7047537	15-MAR-22	5002	Completed Successfully	1901192813	BHAGIRATH COLD STORE AND WARE HOUSE	9425084720	DHIRUMOTORS@GMAIL.COM	5002	OFFER FEE
OFFER FEES	OTHERDCARD	DUI7047691	15-MAR-22	1856	Completed Successfully	3204203977	POOJA RAWTIYA	9826615207	sanjayrawtiya@gmail.com	1856	
REGISTRATION FEE	SBDEBIT	DUI7048633	15-MAR-22	1472	Completed Successfully	0602206703	Rajeev dhakad	9617425277	rajeevsinghdhakad2755@gmail.com	1472	
OFFER FEES	OTHERDCARD	DUI7048540	15-MAR-22	1856	Completed Successfully	3204203980	RADHA RAWTIYA	8770128772	rajivrawtiya916@gmail.com	1856	
OFFER FEES	SBDEBIT	DUI7049091	15-MAR-22	3679	Completed Successfully	0602206703	RAJEEV DHAKAD	9617425277	rajeevsinghdhakad2755@gmail.com	3679	
OFFER FEES	BILLDESK	DUI7049255	15-MAR-22	4271	Completed Successfully	260818984	AARTI GOUR	9827662211	meghdeep.gour@gmail.com	4271	JV SCHEME OFFER FEE
REGISTRATION FEE	NETBANKING	DUI7051022	15-MAR-22	1902	Completed Successfully	0502206749	SARSWATI PRASAD KULSHRESTH	9993667182	maashankuntala21@gmail.com	1902	MAA SHAKUNTALA WARE HOUSE
OFFER FEES	NETBANKING	DUI7050644	15-MAR-22	6087	Completed Successfully	190118503	RAMESHWAR CHOUDHARY	9425084720	choudharyrameshwar1976@gmail.com	6087	offer fee
OFFER FEES	BILLDESK	DUI7051010	15-MAR-22	5977	Completed Successfully	2606206681	Neha dudani	9425802580	mgwarehouse8@gmail.com	5977	Offer fees
OFFER FEES	NETBANKING	DUI7051181	15-MAR-22	4756	Completed Successfully	0502206749	SARSWATI PRASAD KULSHRESTH	9993667182	maashankuntala21@gmail.com	4756	MAA SHAKUNTALA WARE HOUSE
REGISTRATION FEE	NETBANKING	DUI7051710	15-MAR-22	4688	Completed Successfully	080118123	RADHESHYAM CHOUDHARY	9754744247	helpmponline@gmail.com	4688	Registration fee
OFFER FEES	SBDEBIT	DUI7052048	15-MAR-22	4030	Completed Successfully	1805206310	Primus Chemicals Ltd.	9425394066	primuschemltd@gmail.com	4030	Although registration applied for 4574MT but licence granted for 3944MT. As no option on website to amed, Hence, higher fees
OFFER FEES	NETBANKING	DUI7052726	15-MAR-22	4575	Completed Successfully	1901203732	BHAGIRATH AGRO	7000354820	bhagirathagro15@gmail.com	4575	OFFER FEE
REGISTRATION FEE	OTHERDCARD	DUI7052839	15-MAR-22	1351	Completed Successfully	5102206750	PD WARE HOUSE	9893338921	pawansoyat20@gmail.com	1351	anamika gupta
OFFER FEES	NETBANKING	DUI7053655	15-MAR-22	3375	Completed Successfully	3206206742	BHARTI AGRAWAL	9755627200	monty.monty .bansal@gmail.com	3375.00	
REGISTRATION FEE	SBDEBIT	DUI7054028	15-MAR-22	2299	Completed Successfully	0802206509	RAMESHWAR WAREHOUSE	9826055331	rameshwarwarehouse01@gmail.com	2299	
OFFER FEES	NETBANKING	DUI7054248	15-MAR-22	7945	Completed Successfully	3003205390	BHANU JAIN	9893836878	bhanujainbmg@gmail.com	7945	ok
REGISTRATION FEE	NETBANKING	DUI7054200	15-MAR-22	675	Completed Successfully	0504206752	GAYATRI SHARMA	9752070080	gayatriandsons2022@gmail.com	675	GAYATRI AND SONS WARE HOUSE
OFFER FEES	NETBANKING	DUI7054390	15-MAR-22	2166	Completed Successfully	300318512	KAMLA JAIN	9893836878	aagambmg@gmail.com	2166	ok
OFFER FEES	SBDEBIT	DUI7053963	15-MAR-22	2433	Completed Successfully	2701204977	VINITA GOYAL	9827251413	anuragvds@gmail.com	2433	ok
OFFER FEES	NETBANKING	DUI7054721	15-MAR-22	1688	Completed Successfully	0504206752	GAYATRI SHARMA	9752070080	gayatriandsons2022@gmail.com	1688	GAYATRI AND SONS WARE HOUSE
OFFER FEES	OTHERDCARD	DUI7054577	15-MAR-22	3379	Completed Successfully	5102206750	PD WARE HOUSE	9893338921	pawansoyat20@gmail.com	3379	anamika
REGISTRATION FEE	SBDEBIT	DUI7054951	15-MAR-22	3597	Completed Successfully	1703206751	satyanarayan kakani	9425195481	satyanarayankakani2022@gmail.com	3597	PLEASE SUBMIT ACKNOWLEDGMENT RECEIPT TO THE NEAREST MPWLC BRANCH
OFFER FEES	SBDEBIT	DUI7055125	15-MAR-22	5421	Completed Successfully	3202206351	Bhawana Dubey	9406531354	Dubeybhavana09@gmail.com	5421	Offered Fee
OFFER FEES	NETBANKING	DUI7056128	15-MAR-22	2625	Completed Successfully	2405205193	Nakoda Warehouse	9993357888	sidjmp@gmail.com	2625	ok
OFFER FEES	OTHERDCARD	DUI7056266	15-MAR-22	900	Completed Successfully	1803203434	MAHAVEER WH	9893643442	mahendrasinghsolanki.ujj@gmail.com	900.00	250
OFFER FEES	OTHERDCARD	DUI7056462	15-MAR-22	5298	Completed Successfully	1904204867	LAXMI PATIDAR	9826522603	anuragptdr@gmail.com	5298	
OFFER FEES	NETBANKING	DUI7056869	15-MAR-22	2784	Completed Successfully	2405206390	Nakoda Warehouse	9993357888	sharma4chandan@gmail.com	2784	ok



