Start Date	01/09/2020
End Date	30/09/2020

Category Name	Payment Mode	Bank Reference No	Transaction Date	Amount	Status	REGISTRATION ID	NAME OF DEPOSITOR	CONTACT NO.	EMAIL ID	FEE	Remarks
REGISTRATION FEE	NETBANKING	DUD5051315	12-SEP-20	1550	Completed Successfully	1102204456	MAHENDRA TIWARI	9425095701	princerai09@yahoo.in	1550	RAGISTRATION FEE
OFFER FEES	NETBANKING	DUD5165828	14-SEP-20	990	Completed Successfully	3608204457	GOPAL OIL INDUSTRIES	9425310811	GOPALOILINDUSTRIES@GMAIL.COM	990	
OFFER FEES	NETBANKING	DUD5167654	14-SEP-20	1688	Completed Successfully	3608204457	GOPAL OIL INDUSTRIES	9425310811	GOPALOILINDUSTRIES@GMAIL.COM	1688	
OFFER FEES	NETBANKING	DUD5233403	15-SEP-20	3874.98	Completed Successfully	1102204456	MAHENDRA TIWARI	9425095701	princerai09@yahoo.in	3874.98	offer fees
OFFER FEES	NETBANKING	DUD5327021	17-SEP-20	5625	Completed Successfully	1502204438	OM WAREHOUSE	8435373841	rahuldemha12@gmail.com	5625	OM WAREHOUSE SIDHI
REGISTRATION FEE	OTHERDCARD	DUD5673324	23-SEP-20	2245	Completed Successfully	1207204458	sangita singh tiwari	9425184578	singhtiwarisangita7@gmail.com	2245	



