Start Date	17/05/2022
End Date	17/05/2022

Category Name	Payment Mode	Bank Reference No	Transaction Date	Amount	Status	REGISTRATION ID	NAME OF DEPOSITOR	CONTACT NO.	EMAIL ID	FEE	Remarks
OFFER FEES	NETBANKING	DUJ0054226	17-MAY-22	1265	Completed Successfully	1301204955	JAI AGRASEN AGROTECH	9823399661	agrotech.ja@gmail.com	1265	OFFER FEE
OFFER FEES	NETBANKING	DUJ0058721	17-MAY-22	6591	Completed Successfully	3701207674	SHIVKRIPA WAREHOUSE	8269573045	caanshulsoni@gmail.com	6591	offer
REGISTRATION FEE	NETBANKING	DUJ0064663	17-MAY-22	2305	Completed Successfully	2501207681	Sushma Singh	9424745131	singhpradeep071979@gmail.com	2305.00	
OFFER FEES	NETBANKING	DUJ0064811	17-MAY-22	5752	Completed Successfully	2501207681	Sushma Singh	9424745131	singhpradeep071979@gmail.com	5752.00	
OFFER FEES	SBDEBIT	DUJ0069521	17-MAY-22	2025	Completed Successfully	3601204300	Premlata Sahu	9644819236	utkarshsahu71@gmail.com	2025	Offer 2022-23
OFFER FEES	SBDEBIT	DUJ0078932	17-MAY-22	1904	Completed Successfully	3403206116	shri ji prasar warehouse	9425496721	vikasshreedham@gmail.com	1904.00	OFFER FEES
OFFER FEES	SBDEBIT	DUJ0079503	17-MAY-22	863	Completed Successfully	3403205864	shrijee warehouse	9425496721	warehouseshrijee@gmail.com	863	offer fees



