Start Date	07/11/2025
End Date	09/11/2025

Category Name	Payment Mode	Bank Reference No	Transaction Date	Amount	Status	REGISTRATION ID	NAME OF DEPOSITOR	CONTACT NO.	EMAIL ID	FEE	Remarks
OFFER FEES	BILLDESK	DUO8278963	07-NOV-25	2414	Completed Successfully	2605203930	New Jagdamba Warehouse	7987015073	jagdambawh04@gmail.com	2414	Offer Fees
REGISTRATION FEE	OTHERDCARD	DUO8282301	07-NOV-25	2288	Completed Successfully	1201209817	MPSCSC	9755063555	jbt.retrads@gmail.com	2288	
REGISTRATION FEE	NETBANKING	DUO8309244	08-NOV-25	1283	Completed Successfully	3702206156	VARDHMAN WAREHOUSE	8770689216	ABHINAVMALOO@GMAIL.COM	1283	
REGISTRATION FEE	NETBANKING	DUO8311532	08-NOV-25	1400	Completed Successfully	3708209814	PREETI SHIVHARE	9425832836	ramgopalpappulic@gmail.com	1400	REGISTRATION FEE



