Start Date	18-11-2022										
End Date	20-11-2022										
											
Category Name	Payment Mode	Bank Reference No	Transaction Date	Amount	Status	REGISTRATION ID	NAME OF DEPOSITOR	CONTACT NO.	EMAIL ID	FEE	Remarks
OFFER FEES	BILLDESK	DUK1994301	18-Nov-22	5740	Completed Successfully	3701207908	SHREEJI WAREHOUSE	7415134414	shreejiwhseoni	5740	offer fees
OFFER FEES	BILLDESK	DUK1995513	18-Nov-22	5740	Completed Successfully	3701207913	mathura devi warehousing	7415134414	mathuradeviwarehousing@gmail.com	5740	offer fees
OFFER FEES	OTHERDCARD	DUK1997475	18-Nov-22	5812	Completed Successfully	3008203662	Krishna Malpani	8770809980	krishna.malpani38@gmail.com	5812	Rk warehousing
OFFER FEES	NETBANKING	DUK1997881	18-Nov-22	5616	Completed Successfully	3403207917	ASHA UPADHYAY	9424917917	Ankit.upadhayay@gmail.com	5616	5616
OFFER FEES	NETBANKING	DUK1999361	18-Nov-22	2194	Completed Successfully	370818644	Amit jain	9977268888	amitjain5739@gmail.com	2194	This fee for warehouse offer
OFFER FEES	NETBANKING	DUK2003194	18-Nov-22	2000	Completed Successfully	3707207607	TARA BABU RAGHUVANSHI	9302434111	Bainganga92@gmail.com	2000	Offer to Paddy
OFFER FEES	NETBANKING	DUK2003226	18-Nov-22	2562	Completed Successfully	3305205714	Mahendra Kumar Soni	8461052318	mahendrasoni015@gmail.com	2562	OFFER - 
OFFER FEES	NETBANKING	DUK2003910	18-Nov-22	2782	Completed Successfully	3305204259	Rakhi Soni	8461052318	maanwarehouse@gmail.com	2782	OFFER - 
REGISTRATION FEE	BILLDESK	DUK2004644	18-Nov-22	2321	Completed Successfully	3701207910	AASHA WAREHOUSING	9425041352	aashawarehousing@gmail.com	2321	registration fees
REGISTRATION FEE	BILLDESK	DUK2005401	18-Nov-22	2321	Completed Successfully	3701207909	SHIVGANGA WAREHOUSE	9039452767	shivgangawarehouse@gmail.com	2321	REGISTRATION FEES
OFFER FEES	NETBANKING	DUK2005410	18-Nov-22	5720	Completed Successfully	3303205700	CHOUDHARY ANUSUIYA	9111643903	evilboygourav@gmail.com	5720	OFFER - 
REGISTRATION FEE	NETBANKING	DUK2007056	18-Nov-22	2176	Completed Successfully	3304207923	Shilpa Shrivas Patva	9300275186	tanishkawh@gmail.com	2176	REGISTRATON - 
OFFER FEES	NETBANKING	DUK2007165	18-Nov-22	5440	Completed Successfully	3304207923	Shilpa Shrivas Patva	9300275186	tanishkawh@gmail.com	5440	offer - Tanishka Warehouse
REGISTRATION FEE	NETBANKING	DUK2007961	18-Nov-22	2361	Completed Successfully	2605207918	SHASHI MALVIYA	6389441111	santoshmalviya322@gmail.com	2361	KANAK WAREHOUSING 
OFFER FEES	NETBANKING	DUK2008583	18-Nov-22	5903	Completed Successfully	2605207918	SHASHI MALVIYA	6389441111	santoshmalviya322@gmail.com	5903	KANAK WAREHOUSING BAMHORI KHURD SOHAGPUR HOSHANGABAD MP
OFFER FEES	NETBANKING	DUK2011050	18-Nov-22	4993	Completed Successfully	1001204104	Vijaya Mishra	9329998403	shivnzndiwarehouse03@gmai.com	4993	Offer Fee
OFFER FEES	OTHERDCARD	DUK2010703	18-Nov-22	4359	Completed Successfully	2606204435	MANU WAREHOUSE	8989977665	manusodani@gmail.com	4359	Offer fees
REGISTRATION FEE	NETBANKING	DUK2010897	18-Nov-22	2176	Completed Successfully	3304207924	Rashmi Soni	9300671062	yurrajwhw@gmail.com	2176	REGISTRATION - Yuvraj Warehouse
OFFER FEES	NETBANKING	DUK2011197	18-Nov-22	5440	Completed Successfully	3304207924	Rashmi Soni	9300671062	yurrajwhw@gmail.com	5440	offer - Yuvraj Warehouse
OFFER FEES	NETBANKING	DUK2011741	18-Nov-22	9963	Completed Successfully	120318894	ANAND KUMAR SINGH	9425824880	sitawarehouse@gmail.com	9963	
OFFER FEES	SBDEBIT	DUK2012406	18-Nov-22	1710	Completed Successfully	3502193245	Gaytri Sahu	9425484307	ajaysahu8407@gmail.com	1710	Offer feesh
OFFER FEES	NETBANKING	DUK2016594	18-Nov-22	6675	Completed Successfully	102182100	MAHESH BANDIL	6261634120	bandilmchandra@gmail.com	6675	m.m.ware house ofeer fee
REGISTRATION FEE	BILLDESK	DUK2017283	18-Nov-22	1242	Completed Successfully	3306207925	REENU SINGH TOMAR	9584064884	narendrasinghtomar284@gmail.com	1242	REGISTRATION FEES
REGISTRATION FEE	NETBANKING	DUK2017783	18-Nov-22	2300	Completed Successfully	3703207763	CHITRAREKHA THAKUR	9472743724	chitrarekhathakur231@gmail.com	2300	FOR REGISTRATION FEES
OFFER FEES	BILLDESK	DUK2017716	18-Nov-22	3105	Completed Successfully	3306207925	REENU SINGH TOMAR	9584064884	narendrasinghtomar284@gmail.com	3105	OFFER FEES
OFFER FEES	NETBANKING	DUK2017897	18-Nov-22	5749	Completed Successfully	3703207763	CHITRAREKH THAKUR	9472743724	chitrarekhathakur231@gmail.com	5749	for offer fees
OFFER FEES	OTHERDCARD	DUK2018324	18-Nov-22	1903	Completed Successfully	2906204903	NAVNITA NAGAR DEVISINGH PATEL WAREHOUSE	9098200888	devisinghpatelwarehouse@gmail.com	1903	
REGISTRATION FEE	NETBANKING	DUK2019444	18-Nov-22	1200	Completed Successfully	3304207926	Vipin Kaura	9425151269	vkwarehousewh@gmail.com	1200	Registration - 
OFFER FEES	NETBANKING	DUK2019608	18-Nov-22	3000	Completed Successfully	3304207926	Vipin Kaura	9425151269	vkwarehousewh@gmail.com	3000	offer - V K Warehouse -3304207926
OFFER FEES	NETBANKING	DUK2021373	18-Nov-22	4446	Completed Successfully	1401206257	Hridansh Warehouse	7693818181	Hridanshsdl@gmail.com	4446	fee
REGISTRATION FEE	NETBANKING	DUK2023819	18-Nov-22	2025	Completed Successfully	3305207927	MSK WAREHOUSE	8989401110	adityakurariya23@gmail.com	2025	registration fees
OFFER FEES	NETBANKING	DUK2023893	18-Nov-22	5062	Completed Successfully	3305207927	MSK WAREHOUSE	8989401110	adityakurariya23@gmail.com	5062	OFFER FEES
OFFER FEES	BILLDESK	DUK2024726	18-Nov-22	10288	Completed Successfully	120518261	praveen singh	7566664267	sids.rewa@gmail.com	10288	Jamuna warehouse offer fees
OFFER FEES	BILLDESK	DUK2029445	19-Nov-22	5466	Completed Successfully	4203205886	Neha Mishra	9867767366	manager.lalitraj@gmail.com	5466	
OFFER FEES	SBDEBIT	DUK2030391	19-Nov-22	5763	Completed Successfully	1205206462	sangeeta tripathi	7000603919	urmaliylogistics@gmail.com	5763	
OFFER FEES	OTHERDCARD	DUK2030976	19-Nov-22	4359	Completed Successfully	2606204895	DHRUV WAREHOUSE	9425475565	shrisodani@gmail.com	4359	Offer Fees
OFFER FEES	NETBANKING	DUK2033286	19-Nov-22	3224	Completed Successfully	1202206278	UDAY WAREHOUSE	7987669944	rajju140181@gmail.com	3224	fee
OFFER FEES	NETBANKING	DUK2034899	19-Nov-22	5843	Completed Successfully	1202205006	USHA AGRAWAL	9926581971	pawanagrawal2@gmail.com	5843	fee
OFFER FEES	NETBANKING	DUK2036173	19-Nov-22	4988	Completed Successfully	1203207631	RANJANA SINGH	9993875840	ranjanasinghwarehouse@gmail.com	4988	
OFFER FEES	SBDEBIT	DUK2036836	19-Nov-22	5617	Completed Successfully	2906207911	ISHWAR SAKRE	8319676744	ishwarsakre@gmail.com	5617	offer fees
OFFER FEES	NETBANKING	DUK2036752	19-Nov-22	1125	Completed Successfully	1102206419	NITIN PALIWAL	9425433044	paliwalnitin94254@gmail.com	1125	OFFER FEES
REGISTRATION FEE	NETBANKING	DUK2038674	19-Nov-22	2331	Completed Successfully	2503207928	VINITA DIGWANI	9425185645	amitdiggu@gmail.com	2331	
OFFER FEES	NETBANKING	DUK2039968	19-Nov-22	1125	Completed Successfully	3307181664	CHANDRA SHEKHAR MISHRA	9454434710	amishra1032@gmail.com	1125	offer - 
OFFER FEES	NETBANKING	DUK2040287	19-Nov-22	5829	Completed Successfully	2503207928	VINITA DIGWANI	9425185645	amitdiggu@gmail.com	5829	
OFFER FEES	NETBANKING	DUK2040745	19-Nov-22	3150	Completed Successfully	3305205167	Sneh Lata Patel	8085407071	snehlatapatel1973@gmail.com	3150	OFFER - SIDDH MAHARAJ WAREHOUSE
OFFER FEES	NETBANKING	DUK2041477	19-Nov-22	5625	Completed Successfully	4204207318	SAVITRI SINGH WAREHOUSE	8130053165	ritesh03021990@gmail.com	5625	OFFER FEES
OFFER FEES	BILLDESK	DUK2043820	19-Nov-22	1031	Completed Successfully	3704182533	Ganesh Singour	7000580939	sageerkhan252@gmail.com	1031	
OFFER FEES	BILLDESK	DUK2044406	19-Nov-22	7744	Completed Successfully	2605204892	gopal somani	9425064301	tirupatiapparels08@gmail.com	7744	
OFFER FEES	NETBANKING	DUK2046873	19-Nov-22	24501	Completed Successfully	4205182600	HIND ENERGY AND COAL BENEFICATION INDIA LTD	8718969038	hecbwarehouse@gmail.com	24501	OFFER FEES
REGISTRATION FEE	NETBANKING	DUK2047660	19-Nov-22	1161	Completed Successfully	330318832	Aneesh Chourasia	9755279334	darpan369@gmail.com	1161	please ragestered this ware house
OFFER FEES	NETBANKING	DUK2047871	19-Nov-22	3780	Completed Successfully	3307181452	RAMENDRA BADGAIYAN	9424686352	deepakbadgaiyan@icloud.com	3780	offer - BADGAIYAN WAREHOUSE
OFFER FEES	OTHERDCARD	DUK2048308	19-Nov-22	1776	Completed Successfully	1209205761	Neelam Singh Tomar	9425172793	Prateek.singhtomar.5@gnail.com	1776	Offer fee payment
OFFER FEES	NETBANKING	DUK2048434	19-Nov-22	2910	Completed Successfully	330318832	Aneesh Chourasia	9755279334	darpan369@gmail.com	2910	OFFER PAYMENT
OFFER FEES	BILLDESK	DUK2049921	19-Nov-22	4536	Completed Successfully	4203204479	RAM SAROVAR WAREHOUSE	9893931743	ankurgupta21525@gmail.com	4536	GRAM BAR WARD NO 02 AMARPUR CHILHARI MARG TAH BARH  KARAUNDI KHURD BARHI KATNI  MADHYA PRADESH OFFER FEE FOR THE YEAR
OFFER FEES	NETBANKING	DUK2050715	19-Nov-22	1535	Completed Successfully	3307193357	Prakash Yadav	9300116585	akashy8884@gmail.com	1535	offer - Prakash traders i - 3307193357
OFFER FEES	SBDEBIT	DUK2051012	19-Nov-22	1688	Completed Successfully	2603207515	AMAR SINGH RAJPUT	9589282665	kisanwarehouseII@gmail.com	1688	OFFER FEE
OFFER FEES	NETBANKING	DUK2051203	19-Nov-22	1063	Completed Successfully	907181194	HARI NARAYAN SHARMA	7024417023	sharmawarehouse@gmail.com	1063	OK
OFFER FEES	NETBANKING	DUK2051803	19-Nov-22	2234	Completed Successfully	907181186	KRISHNA KUMAR SHARMA	9981155776	krishnawarehouse947@gmail.com	2234	OK
OFFER FEES	NETBANKING	DUK2052275	19-Nov-22	3001	Completed Successfully	3701204491	SHRADHA RAJPUT	8412030733	kapil_srajput@yahoo.co.in	3001	for offer fees
OFFER FEES	BILLDESK	DUK2053510	19-Nov-22	10391	Completed Successfully	4205181312	SHREE KRISHNA WAREHOUSE	9827250599	gouravmohnani@gmail.com	10391	BAJARANG NAGAR VILLAGE DEVRI KATNI OFFER FEE FOR THE YEAR
OFFER FEES	NETBANKING	DUK2055928	19-Nov-22	14595	Completed Successfully	1204181002	UMA KUMARI	9009056789	barmendrawarehouse@gmail.com	14595	OFFER FEES
OFFER FEES	NETBANKING	DUK2056125	19-Nov-22	8280	Completed Successfully	1204206054	Gagnendra Pratap Singh Warehouse	9425330643	gagnendrasinghwarehouse@gmail.com	8280	fee
OFFER FEES	NETBANKING	DUK2056636	19-Nov-22	6178	Completed Successfully	1204204508	Rachna singh	9174957423	rachnasinghwarehouse@gmail.com	6178	fee
OFFER FEES	NETBANKING	DUK2056513	19-Nov-22	6178	Completed Successfully	1204204515	Usha Singh	9425812374	ushasinghwarehouse@gmail.com	6178	fee
OFFER FEES	NETBANKING	DUK2057026	19-Nov-22	5195	Completed Successfully	1202204475	Maa Pitambara industries	9425172698	maapitambaraindustries2020@gmail.com	5195	fee
OFFER FEES	NETBANKING	DUK2057073	19-Nov-22	7209	Completed Successfully	1202204408	DEVRAJ CHAMPA RANI WAREHOUSE 2	9425172698	rishirajsinghhp@gmail.com	7209	fee
OFFER FEES	NETBANKING	DUK2057084	19-Nov-22	3715	Completed Successfully	3302204467	Manisha Sakhardande	7000533087	maneesha.sakhardande@gmail.com	3715	OFFER - Sukhada warehouse
OFFER FEES	NETBANKING	DUK2057151	19-Nov-22	7256	Completed Successfully	1202181256	Devraj Champa Rani Warehouse	9425172698	singhmeena62@gmail.com	7256	fee
OFFER FEES	NETBANKING	DUK2058054	19-Nov-22	4594	Completed Successfully	1202206845	MAA SHARDA ENTERPRISES	9425942771	masharda617@gmail.com	4594	
REGISTRATION FEE	SBDEBIT	DUK2059002	19-Nov-22	2250	Completed Successfully	1207207930	PUJA SINGH	9993885519	shivamsoni2702@gmail.com	2250	FEE
OFFER FEES	SBDEBIT	DUK2059103	19-Nov-22	5625	Completed Successfully	1207207930	Puja Soni	9644834379	shivamsoni2702@gmail.com	5625	fee
OFFER FEES	NETBANKING	DUK2062275	20-Nov-22	2110	Completed Successfully	370518852	Shri balaji Warehouse	9425888352	Vinod.medicine@gmail.com	2110	
REGISTRATION FEE	OTHERDCARD	DUK2066081	20-Nov-22	875	Completed Successfully	370118691	Pratibha Jain	9425174656	prijain141@gmail.com	875	registration fee
OFFER FEES	OTHERDCARD	DUK2066240	20-Nov-22	2187	Completed Successfully	370118691	Pratibha Jain	9425174656	prijain141@gmail.com	2187	offer fees
OFFER FEES	OTHERDCARD	DUK2068277	20-Nov-22	5719	Completed Successfully	1205203492	Richa Singh	9981153523	sachings1984@gmail.com	5719	Offer Fees
OFFER FEES	NETBANKING	DUK2068852	20-Nov-22	5500	Completed Successfully	1202207224	SHRI RAMJI WAREHOUSE	8770520221	akhileshdwivedi157@gmail.com	5500	fee
OFFER FEES	OTHERDCARD	DUK2068872	20-Nov-22	5162	Completed Successfully	1205203493	Prabha Singh	8770628715	sachinskylark1984@gmail.com	5162	Offer Fees
REGISTRATION FEE	NETBANKING	DUK2069167	20-Nov-22	660	Completed Successfully	1202193241	Maa Durga Warehouse	9926457876	ashishdwivedi1012@gmail.com	660	fee
OFFER FEES	NETBANKING	DUK2071017	20-Nov-22	5543	Completed Successfully	3008205010	SANGEETA CHOUHAN	8889559795	chouhanmanish2499@gmail.com	5543	PMS Offer Fee
REGISTRATION FEE	SBDEBIT	DUK2072228	20-Nov-22	469	Completed Successfully	1007207931	SANDEEP KUMAR JAIN	9425171055	achal.jain9@gmail.com	469	Registration Fee
