Start Date	19/04/2022
End Date	22/04/2022

Category Name	Payment Mode	Bank Reference No	Transaction Date	Amount	Status	REGISTRATION ID	NAME OF DEPOSITOR	CONTACT NO.	EMAIL ID	FEE	Remarks
OFFER FEES	SBDEBIT	DUI8799476	19-APR-22	5625	Completed Successfully	3202205813	Pooja Gupta	9425037751	sincere.akhil03@gmail.com	5625	Offered Fee
OFFER FEES	NETBANKING	DUI8804990	19-APR-22	5710	Completed Successfully	0803207561	NITIKA JOSHI	9111118118	sankalp_joshi@ymail.com	5710	offer fees from uday warehouse rolai prop.mrs Nitika Joshi
OFFER FEES	NETBANKING	DUI8806810	19-APR-22	5625	Completed Successfully	3305205496	BHAGYA SHRI WAREHOUSE GOURAHA PRO ANJANA JAIN	9425157072	bhagyashriwarehouse160@gmail.com	5625	offer fees
REGISTRATION FEE	NETBANKING	DUI8807249	19-APR-22	1213	Completed Successfully	0804192718	CHINTAMAN PATEL	8720067676	SHRINATHWAREHOUSE@GMAIL.COM	1213	REGISTRATION FEES
OFFER FEES	NETBANKING	DUI8807300	19-APR-22	4219	Completed Successfully	3305205502	BHUWANPATI WAREHOUSING GOURAHA PRO ANJANA JAIN	9425157072	bhuwanpatiwarehousing@gmail.com	4219	offer fees
REGISTRATION FEE	NETBANKING	DUI8812607	19-APR-22	2325	Completed Successfully	3006207580	MAHAVEER AGRO MARKETING	9981168274	vibhorjn64@gmail.com	2325	RAGISTRATION FEES
OFFER FEES	NETBANKING	DUI8814298	19-APR-22	5812	Completed Successfully	3006207580	mahaveer agro marketing	9981168274	vibhorjn64@gmail.com	5812	offer fees
REGISTRATION FEE	CREDITCARD	DUI8817805	19-APR-22	2242	Completed Successfully	2706207571	NANDANEE	8518809319	shyam050422@gmail.com	2242	REG FEE
OFFER FEES	CREDITCARD	DUI8819290	19-APR-22	5606	Completed Successfully	2706207571	NANDANEE	8518809319	shyam050422@gmail.com	5606	OFFER FEE
OFFER FEES	NETBANKING	DUI8827923	19-APR-22	2231	Completed Successfully	1003205670	Ms Rai Ware Housing	9691587777	brajraisaheb@gmail.com	2231.00	Offer Fees
OFFER FEES	CREDITCARD	DUI8828436	19-APR-22	1609	Completed Successfully	180418187	Deepesh Agarwal	9425890917	jayeshparmar021@gmail.com	1609	Offer Fees Submitted By Jayesh Paramar
REGISTRATION FEE	OTHERDCARD	DUI8837261	19-APR-22	2337	Completed Successfully	0904207585	POONAM PATEL ANNAPURNA WAREHOUSE	7974624348	akhileshpatel2022@rediffmail.com	2337	
OFFER FEES	OTHERDCARD	DUI8837822	19-APR-22	5842	Completed Successfully	0904207585	POONAM PATEL ANNAPURNA WAREHOUSE	7974624348	akhileshpatel2022@rediffmail.com	5842	
REGISTRATION FEE	OTHERDCARD	DUI8839213	19-APR-22	2300	Completed Successfully	2605207586	Deepak Prohit	6267384070	raghuwanshicoal.suhagpur@gmail.com	2300	REG Fee
OFFER FEES	SBDEBIT	DUI8839407	19-APR-22	5625	Completed Successfully	4101206120	GURDEEP SINGH SALUJA	9826065740	gurdeepsaluja76@yahoo.com	5625	
REGISTRATION FEE	NETBANKING	DUI8840350	19-APR-22	2288	Completed Successfully	2605207584	SHAKUNTALA WAREHOUSE	8305607418	shakuntalawarehouse55@gmail.com	2288	REGISTRATION FEE
OFFER FEES	OTHERDCARD	DUI8841227	19-APR-22	5749	Completed Successfully	2605207586	DEEPAK PROHIT	6267384070	raghuwanshicoal.suhagpur@gmail.com	5749	OFFER FEE
OFFER FEES	SBDEBIT	DUI8842134	19-APR-22	2954	Completed Successfully	3403204558	vardhman warehouse	9425839596	sanjaykumarjain1969@gmail.com	2954	OFFER FEES
REGISTRATION FEE	NETBANKING	DUI8841943	19-APR-22	401	Completed Successfully	4207193138	SHRI BRINDAVAN WAREHOUSE	8114433907	urbanhealthkatni@gmail.com	401	REG RENEWAL FEES
REGISTRATION FEE	CREDITCARD	DUI8843933	19-APR-22	2248	Completed Successfully	2703207581	NIHARIKA JAIN	9424456877	97131.apoorv@gmail.com	2248	REGISTRATION FEE
OFFER FEES	NETBANKING	DUI8843985	19-APR-22	2025	Completed Successfully	1011206334	Sushila Bai Jain	7999332551	vishaljn11@gmail.com	2025	Offer Fees 2025
OFFER FEES	CREDITCARD	DUI8844470	19-APR-22	5620	Completed Successfully	2703207581	NIHARIKA JAIN	9424456877	97131.apoorv@gmail.com	5620	OFFER FEE
REGISTRATION FEE	NETBANKING	DUI8847088	19-APR-22	849	Completed Successfully	3609204938	sevanti bai sherke	8878867507	pawar.nitin26@yadoo.com	849	registeration
REGISTRATION FEE	SBDEBIT	DUI8847205	19-APR-22	2306	Completed Successfully	2608207588	ARCHANA PALIWAL	8319467750	paliwalarchana1987@gmail.com	2306	Registration Fee
OFFER FEES	NETBANKING	DUI8847481	19-APR-22	2121	Completed Successfully	3609204938	SEVANTI BAI SHERKE	8878867507	PAWAER.NITIN26@YAHOO.COM	2121	OFFER FEES
REGISTRATION FEE	CREDITCARD	DUI8847892	19-APR-22	2253	Completed Successfully	2709207587	ARTI JAIN	9343489040	shriji050422@gmail.com	2253	REGISTRATION FEE
OFFER FEES	NETBANKING	DUI8848219	19-APR-22	1063	Completed Successfully	0907181194	HARI NARAYAN SHARMA	7024417023	sharmawarehouse@gmail.com	1063	OK
OFFER FEES	CREDITCARD	DUI8848433	19-APR-22	5633	Completed Successfully	2709207587	ARTI JAIN	9343489040	shriji050422@gmail.com	5633	OFFER FEE
OFFER FEES	NETBANKING	DUI8848285	19-APR-22	2835	Completed Successfully	330318610	PRATAP PURI	8349839348	pratappuri348@gmail.com	2835	Offer - 	DIVYANSH WAREHOUSE
OFFER FEES	NETBANKING	DUI8849021	19-APR-22	2234	Completed Successfully	0907181186	KRISHNA KUMAR SHARMA	9981155776	krishnawarehouse947@gmail.com	2234	OK
REGISTRATION FEE	BILLDESK	DUI8850246	19-APR-22	756	Completed Successfully	2605193156	prabha devi agrawal	8269123561	jayshreeswadganga@gmail.com	756	registration fee, jayshree agro services
OFFER FEES	BILLDESK	DUI8851452	19-APR-22	3911	Completed Successfully	2008203647	Shri Giriraj Agro	9617096171	himanshuholani@gmail.com	3911	
OFFER FEES	NETBANKING	DUI8858115	20-APR-22	4688	Completed Successfully	2907206680	Mrs. Rekha Meena	7987851691	gayatriwarehouse2022@gmail.com	4688.00	Offer fees
OFFER FEES	OTHERDCARD	DUI8873114	20-APR-22	5719	Completed Successfully	Sanjya Patel	Sanjay Patel	9826412008	shakuntalawarehouse55@gmail.com	5719	Off Fee
REGISTRATION FEE	OTHERDCARD	DUI8876870	20-APR-22	2031	Completed Successfully	3301207576	Gayasuddin Qureshi	8269999960	arslaanqureshi2003@gmail.com	2031	Registration fees
OFFER FEES	NETBANKING	DUI8880169	20-APR-22	2000	Completed Successfully	3707207179	BAINGANGA SAMITI CHHAPARA	9302434111	bainganga292@gmail.com	2000	OFFER FEES BAINGANGA SAMITI CHHAPARA
OFFER FEES	SBDEBIT	DUI8883414	20-APR-22	100	Completed Successfully	4101206120	GURDEEP SINGH SALUJA	9826065740	gurdeepsaluja76@yahoo.com	100	
REGISTRATION FEE	NETBANKING	DUI8884040	20-APR-22	534	Completed Successfully	0903207590	MP State Coperative Marketing Federation Limited	9407361646	salehamarkfed1992@gmail.com	534	
OFFER FEES	NETBANKING	DUI8884198	20-APR-22	5719	Completed Successfully	2907207094	PISTA DANGI	9981217596	radhepremwarehouse@gmail.com	5719	fee
OFFER FEES	OTHERDCARD	DUI8886759	20-APR-22	5974	Completed Successfully	290618380	abhilasha warehousing and logistics	9300627706	dranupam_sharma@yahoo.com	5974	
REGISTRATION FEE	OTHERDCARD	DUI8887504	20-APR-22	1663	Completed Successfully	2904207589	sahas pandey	9907491111	sahas.pandey@gmail.com	1663	warehouse registration fee
REGISTRATION FEE	OTHERDCARD	DUI8888926	20-APR-22	2285	Completed Successfully	2605207591	BHARTI CHHABADIYA	9425477004	satishchhabadiya@gmail.com	2285	Reg fee
REGISTRATION FEE	NETBANKING	DUI8889817	20-APR-22	1800	Completed Successfully	3304207592	ARNAVI WAREHOUSE PRO PRIYANKA SONI	8959883340	ashuroadline.as@gmail.com	1800	registration fees
OFFER FEES	OTHERDCARD	DUI8889926	20-APR-22	5714	Completed Successfully	2605207591	BHARTI CHHABADIYA	9425477004	satishchhabadiya@gmail.com	5714	offer fee
OFFER FEES	NETBANKING	DUI8890416	20-APR-22	4500	Completed Successfully	3304207592	ARNAVI WAREHOUSE PRO PRIYANKA SONI	8959883340	ashuroadline.as@gmail.com	4500	offer fees
REGISTRATION FEE	NETBANKING	DUI8892815	20-APR-22	2236	Completed Successfully	4202207593	VAMIKA WAREHOUSING	7015228668	vamikawarehousing@gmail.com	2236	reg vamika
OFFER FEES	NETBANKING	DUI8892986	20-APR-22	5591	Completed Successfully	4202207593	VAMIKA WAREHOUSING	7015228668	vamikawarehousing@gmail.com	5591	VAMIKA OFFER
REGISTRATION FEE	NETBANKING	DUI8894600	20-APR-22	2236	Completed Successfully	4202207596	LAKSHAY WAREHOUSING AND AGRO SERVICES	9355742700	lakshaywarehousing@gmail.com	2236	REGISTRATION FEES
REGISTRATION FEE	SBDEBIT	DUI8894592	20-APR-22	2288	Completed Successfully	2603207595	BHAVANA WAREHOUSE	7000558917	bhavanawarehouse2022@gmail.com	2288	Registration Fee
OFFER FEES	NETBANKING	DUI8895252	20-APR-22	5591	Completed Successfully	4202207596	LAKSHAY WAREHOUSING AND AGRO SERVICES	9355742700	lakshaywarehousing@gmail.com	5591	OFFER FEES
OFFER FEES	SBDEBIT	DUI8895488	20-APR-22	5765	Completed Successfully	2608207588	ARCHANA PALIWAL	9893699292	paliwalarchana1987@gmail.com	5765	Offer Fee
REGISTRATION FEE	NETBANKING	DUI8896670	20-APR-22	2628	Completed Successfully	1009207594	SHIVANI BADKUL	7566066076	badkul.shivani@gmail.com	2628	REGISTRATION FEE
OFFER FEES	NETBANKING	DUI8896755	20-APR-22	5250	Completed Successfully	350218202	SKYLINE AGRO PRIVATE LIMITED	8109000841	achintadeb@gmail.com	5250	Offer - SKYLINE AGRO PRIVATE LIMITED
OFFER FEES	NETBANKING	DUI8899254	20-APR-22	9375	Completed Successfully	420518856	ANNAPURNA WAREHOUSE	8085004000	annapurnawh@yahoo.com	9375	offer fees
OFFER FEES	NETBANKING	DUI8900003	20-APR-22	4000	Completed Successfully	2342001038	PANDEY WAREHOUSE	9826993688	PRAVEENPANDEY3486@GMAIL.COM	4000	OFFER FEES
REGISTRATION FEE	OTHERDCARD	DUI8902307	20-APR-22	2280	Completed Successfully	2706207467	Kamala bai	9826318650	kailash.sironjbjp@gmail.com	2280	Regestion fees shyam warehouse
OFFER FEES	OTHERDCARD	DUI8903305	20-APR-22	5699	Completed Successfully	2706207467	Kamala bai	9826318650	kailash.sironjbjp@gmail.com	5699	Offer fees shyam warehousr
OFFER FEES	NETBANKING	DUI8904975	20-APR-22	6570	Completed Successfully	1009207594	SHIVANI BADKUL	9685079957	badkul.shivani@gmail.com	6570	fee
OFFER FEES	NETBANKING	DUI8907108	20-APR-22	5625	Completed Successfully	1207204474	VIMLA GUPTA	7869363318	vimlaharidasgupta@gmail.com	5625	OFFER FEES
OFFER FEES	NETBANKING	DUI8908250	20-APR-22	5843	Completed Successfully	1201205084	Anita Agrawal	9827212376	awlsatna@gmail.com	5843	fee
REGISTRATION FEE	NETBANKING	DUI8915277	20-APR-22	1389	Completed Successfully	3006207598	SUSHEEL KUMAR GUPTA	6261522746	gupsushil73@gmail.com	1389	GUPTA WAREHOUSE
REGISTRATION FEE	NETBANKING	DUI8917221	21-APR-22	649	Completed Successfully	3701181248	KIRTI DUBEY	9981828949	dubeykirti85@gmail.com	649	registration fees
REGISTRATION FEE	NETBANKING	DUI8927179	21-APR-22	938	Completed Successfully	1902203769	BARETHA TRADERS	9752343904	seetabaibaretha@gmail.com	938	registration fee JVS
OFFER FEES	NETBANKING	DUI8930056	21-APR-22	2914	Completed Successfully	0804204749	Rajesh Khandelwal Tirupati Balaji Ware HOuse	9425066774	tirupatibalajiwarehouse@gmail.com	2914	Offer Fees
OFFER FEES	SBDEBIT	DUI8929966	21-APR-22	1031	Completed Successfully	3402181665	poonam gupta	9425170202	gopalgupta9425170202@gmail.com	1031.00	offer fees
OFFER FEES	SBDEBIT	DUI8931244	21-APR-22	980	Completed Successfully	3402193109	poonam gupta	9425170202	s.gopalgupta57@gmail.com	980.00	offer fees
REGISTRATION FEE	NETBANKING	DUI8934906	21-APR-22	2239	Completed Successfully	3708207599	JAYAS AVIKA ASSOCIATE	9425850518	i.anchaljain07@gmail.com	2239	registration fees
REGISTRATION FEE	CREDITCARD	DUI8935550	21-APR-22	733	Completed Successfully	1901193098	YOGESH PUROHIT	9630091825	YOGESH_PUROHIT@RUCHIINFRASTRUCTURE.COM	733	190--119--3098
OFFER FEES	CREDITCARD	DUI8936770	21-APR-22	3631	Completed Successfully	090718413	ABHISHEK KUMAR TIWARI	9981009393	alokinguddu@gmail.com	3631	3631
OFFER FEES	CREDITCARD	DUI8938129	21-APR-22	1876	Completed Successfully	090818364	ARCHNA GARG	9425466263	rajneeshinraju@gmail.com	1876	1876
OFFER FEES	NETBANKING	DUI8942672	21-APR-22	14595	Completed Successfully	1204181002	UMA KUMARI	9009056789	barmendrawarehouse@gmail.com	14595	FEE
REGISTRATION FEE	NETBANKING	DUI8944971	21-APR-22	450	Completed Successfully	3505207602	LAXMAN PD SINGOURE	6263467579	naryanganjwarehouse@gmail.com	450	
REGISTRATION FEE	NETBANKING	DUI8945189	21-APR-22	1727	Completed Successfully	1009207601	AAKASH SINGH LODHI	8889760712	aakashlodhisihora@gmail.com	1727	FEE
OFFER FEES	NETBANKING	DUI8945650	21-APR-22	1125	Completed Successfully	3505207602	laxman pd singour	6263467579	naryanganjwarehouse@gmail.com	1125	
OFFER FEES	NETBANKING	DUI8945740	21-APR-22	5405	Completed Successfully	1403181716	SKYLINE AGRO PRIVATE LIMITED	8109000841	sky.jbp@gmail.com	5405	offer -	SKYLINE AGRO PRIVATE LIMITED
OFFER FEES	NETBANKING	DUI8947322	21-APR-22	5860	Completed Successfully	2907206886	SMT. MADHU BAI JAT	7746028738	jaat.jat0786@gmail.com	5860.00	offer fees
OFFER FEES	NETBANKING	DUI8947519	21-APR-22	5625	Completed Successfully	1502204438	Antima Singh	8435373841	rahuldemha12@gmail.com	5625	
OFFER FEES	SBDEBIT	DUI8948218	21-APR-22	5719	Completed Successfully	2603207595	BHAVANA WAREHOUSE	7000558917	bhavanawarehouse2022@gmail.com	5719	Offer Fee
OFFER FEES	NETBANKING	DUI8949014	21-APR-22	1114	Completed Successfully	4202207603	RAI WAREHOUSING SERVICES UNIT-II	7000673389	susheelrai05@gmail.com	1114.00	VILLAGE AND POST LAKHAKHERA TEHSIL AND POST BADWARA KATNI MP, MPWLC REGISTRATION CHARGES
REGISTRATION FEE	OTHERDCARD	DUI8951623	21-APR-22	969	Completed Successfully	1807207604	Rajkumar Bhartiya	9755266663	aradhya.taby@gmail.com	969	Parshwanath Warehouse nagda jn Dist Ujjain registration fees
OFFER FEES	NETBANKING	DUI8952756	21-APR-22	1688	Completed Successfully	9926876450	Anshul Khare	9926876450	anshulkhare1983@gmail.com	1688	Summited.
OFFER FEES	NETBANKING	DUI8953292	21-APR-22	2519	Completed Successfully	0301205508	Anshul Khare	9926876450	divinewarehouse34@gmail.com	2519.00	Summited.
OFFER FEES	NETBANKING	DUI8953568	21-APR-22	2785	Completed Successfully	4207205744	Ritu Yadav	9329950249	kashiwarehousebijora@gmail.com	2785	Offer - 	KASHI WAREHOUSE
OFFER FEES	OTHERDCARD	DUI8968929	22-APR-22	2424	Completed Successfully	1807207604	Rajkumar Bhartiya	9755266663	aradhya.taby@gmail.com	2424	
OFFER FEES	BILLDESK	DUI8969997	22-APR-22	5698	Completed Successfully	157324022	Sakshi Kurmi	8269002730	vipinpatel302@gmail.com	5698	Offer
OFFER FEES	SBDEBIT	DUI8974757	22-APR-22	5175	Completed Successfully	3402206237	SMT. MANJU RAO	9425168722	shreemaawarehouse@gmail.com	5175.00	offer fees
REGISTRATION FEE	OTHERDCARD	DUI8979969	22-APR-22	3496	Completed Successfully	0903207606	RAKESH KUMAR PATEL GOPAL JI WAREHOUSE	9425167998	rajesh.ptl196501@gmail.com	3496	
OFFER FEES	OTHERDCARD	DUI8980368	22-APR-22	8741	Completed Successfully	0903207606	RAKESH KUMAR PATEL GOPAL JI WAREHOUSE	9425167998	rajesh.ptl196501@gmail.com	8741	
OFFER FEES	NETBANKING	DUI8982729	22-APR-22	3634	Completed Successfully	3005206151	Sangeeta Sahu	9893123882	sourabh_sahu1909@yahoo.com	3634	Offer Fee
OFFER FEES	NETBANKING	DUI8985864	22-APR-22	2670	Completed Successfully	3607182598	MAHESH KODWANI	9200001846	chamancoldstorageandicefactory@gmail.com	2670	Offer- CHAMAN COLD STORAGE AND ICE FACTORY WAREHOUSE
OFFER FEES	NETBANKING	DUI8985965	22-APR-22	6265.5	Completed Successfully	1904193401	Pratik	992644062	priyankagoyal2208@gmail.com	6265.50	Offer fees
OFFER FEES	NETBANKING	DUI8986848	22-APR-22	3400	Completed Successfully	3301181157	SANJAY PATEL	9407851892	sanjaypatel11@gmail.com	3400	Offer - 	KARNIKA WAREHOUSE
REGISTRATION FEE	NETBANKING	DUI8989333	22-APR-22	2173	Completed Successfully	3601207608	Arti Sahu	7000862536	kapil19jd@gmail.com	2173	aarti sahu
REGISTRATION FEE	NETBANKING	DUI8989389	22-APR-22	800	Completed Successfully	3707207607	Bainganga Vipran Samiti	9302434111	bainganga292@gmail.com	800	REG Fee
OFFER FEES	NETBANKING	DUI8989890	22-APR-22	2000	Completed Successfully	3707207607	Bainganga Vipran Samiti	9302434111	bainganga292@gmail.com	2000	Offer Fee.
OFFER FEES	NETBANKING	DUI8990430	22-APR-22	5432	Completed Successfully	3601207608	ARTI SAHU	7000862536	KAPIL19JD@GMAIL.COM	5432	OFFER FEE JVS 22
OFFER FEES	SBDEBIT	DUI8992001	22-APR-22	5	Completed Successfully	2302206298	Anil kumar kathal	9425189483	anilwarehousekareli@gmail.com	5.00	offer fees
OFFER FEES	NETBANKING	DUI8992183	22-APR-22	5719	Completed Successfully	1209206047	SARASWATI WAREHOUSE UNIT-2	9713318687	caharipatidar@gmail.com	5719	OFFER FEES
OFFER FEES	BILLDESK	DUI8994387	22-APR-22	4744	Completed Successfully	1209205385	Jai Arvind Warehouse	9009741764	singharvind8461@gmail.com	4744	Offer fees for Jai Arvind Warehouse
REGISTRATION FEE	NETBANKING	DUI8996747	22-APR-22	2243	Completed Successfully	3707207609	Maa laxmi warehouse unit2	7771992499	sourabhkagrawal@gmail.com	2243	Registration fees
OFFER FEES	NETBANKING	DUI8996991	22-APR-22	5607	Completed Successfully	3707207609	Maa laxmi warehouse unit2	7771992499	sourabhkagrawal@gmail.com	5607	Offer fees



