Start Date	19/04/2025
End Date	19/04/2025

Category Name	Payment Mode	Bank Reference No	Transaction Date	Amount	Status	REGISTRATION ID	NAME OF DEPOSITOR	CONTACT NO.	EMAIL ID	FEE	Remarks
OFFER FEES	OTHERDCARD	DUN9903140	19-APR-25	5729	Completed Successfully	2601209053	SUMAN BAI GOUR	9754535303	ramkumargour844@gmail.com	5729	offer fee
OFFER FEES	NETBANKING	DUN9909120	19-APR-25	2640	Completed Successfully	4701181983	KIRIT KUMAR SHAH	9827236627	kameshwariwearhouse2017@gmail.com	2640	Offer Fees
OFFER FEES	NETBANKING	DUN9909739	19-APR-25	5475	Completed Successfully	460118341	PREM BAI SHARMA	9893321614	DILEEP21614@GMAIL.COM	5475	OFFER
REGISTRATION FEE	NETBANKING	DUN9910613	19-APR-25	2236	Completed Successfully	3402207402	RAJKUMARI RAI	9630729999	amitrai9893043841@gmail.com	2236	Registration Fee
OFFER FEES	BILLDESK	DUN9911502	19-APR-25	6005	Completed Successfully	2503193129	Sapna Gautam caption warehuose	9425330312	Sapnarewa2019@gmail.com	6005	Caption warehouse offer fee



