Start Date	20/03/2026
End Date	20/03/2026

Category Name	Payment Mode	Bank Reference No	Transaction Date	Amount	Status	REGISTRATION ID	NAME OF DEPOSITOR	CONTACT NO.	EMAIL ID	FEE	Remarks
REGISTRATION FEE	CREDITCARD	DUP3333183	20-MAR-26	2270	Completed Successfully	2704206999	Sunita patel	8109777775	Ap777999@gmail.com	2270	Registration fees
OFFER FEES	SBDEBIT	DUP3333409	20-MAR-26	3157	Completed Successfully	0202192615	Mata Basiya Infa Agro Morena	9893048330	gauravagarwal747@gmail.com	3157	Offer Fee Mata Basiya Infa Agro Morena 26-27
REGISTRATION FEE	OTHERDCARD	DUP3333516	20-MAR-26	1142	Completed Successfully	3008208436	VIMALA CHOUHAN	9425301715	radheshyamchouhan202@gmail.com	1142	reg. fee
OFFER FEES	CREDITCARD	DUP3333535	20-MAR-26	5698	Completed Successfully	2706205921	Ankita Gupta	9630148550	dkmittal1968@yahoo.co.in	5698	Offer Fee
OFFER FEES	NETBANKING	DUP3334524	20-MAR-26	2965	Completed Successfully	3205208484	Ritu Devi Sethiya	9993508253	ritusethiya1977@gmail.com	2965	offer fees
OFFER FEES	NETBANKING	DUP3334564	20-MAR-26	3274	Completed Successfully	3206208474	Abhishek Sarraf	9977096651	abhisarraf143@gmail.com	3274	offer fees
REGISTRATION FEE	NETBANKING	DUP3334602	20-MAR-26	1130	Completed Successfully	3206208423	Savitri gupta	9425444036	gutachahak123@gmail.com	1130	fees
OFFER FEES	NETBANKING	DUP3334637	20-MAR-26	3375	Completed Successfully	3206206742	Bharti Agrawal	9955627200	monty.monty.bansal@gmail.com	3375	ok
OFFER FEES	NETBANKING	DUP3335074	20-MAR-26	5078	Completed Successfully	1605204573	Teena Sharma	9926701682	mtsharma970@gmail.com	5078	fit
OFFER FEES	NETBANKING	DUP3334923	20-MAR-26	5078	Completed Successfully	1605204577	Pramila Ghatiya	9926621880	rakeshghatiya@gmail.com	5078	fit
OFFER FEES	BILLDESK	DUP3334954	20-MAR-26	5775	Completed Successfully	2802203748	HD WAREHOUSE	9826020385	nitinpatidar58666@gmail.com	5775	Offer Fees
OFFER FEES	BILLDESK	DUP3335256	20-MAR-26	5004	Completed Successfully	2801208196	MAA SANTOSHI WAREHOUSE	8871090901	virendragupta499@gmail.com	5004	Offer Fees
OFFER FEES	BILLDESK	DUP3335640	20-MAR-26	5524	Completed Successfully	3203206019	hrretail ventures	7000120370	hrretail.ventures@gmail.com	5524	OFFER FEES
OFFER FEES	BILLDESK	DUP3335306	20-MAR-26	3595	Completed Successfully	2702206418	HD WAREHOUSE	9691620480	shriraghvendrawarehouse@gmail.com	3595	Offer fees
OFFER FEES	NETBANKING	DUP3335362	20-MAR-26	3386	Completed Successfully	2906203831	Gurukrupa Warehouse	7507867888	Gurukrupawarehouses@gmail.com	3386	Offer Fees F.Y 26-27
OFFER FEES	BILLDESK	DUP3335388	20-MAR-26	5625	Completed Successfully	3202204871	Youshovardhini Saxena	9425039231	nvmbiaora@gmail.com	5625.00	Offer Fee
OFFER FEES	NETBANKING	DUP3336057	20-MAR-26	5719	Completed Successfully	2603207595	VISHWAJEET PARIHAR	7000558917	Bhavanawarehouse2022@gmail.com	5719	OFFER FEE
REGISTRATION FEE	BILLDESK	DUP3335861	20-MAR-26	2250	Completed Successfully	3202203873	Youshovardhini Saxena	9425039231	kuldeepsaxena1010@gmail.com	2250.00	REgistration Fees
OFFER FEES	NETBANKING	DUP3336089	20-MAR-26	5220	Completed Successfully	2705203531	AMAR SINGH KURMI	9993948585	Amarisngh786.baretha@gmail.com	5220	offer fee of patel seeds center
OFFER FEES	OTHERDCARD	DUP3335908	20-MAR-26	3815	Completed Successfully	1007208931	HEMANT KUMAR SAHU	9425381899	hksahu63@gmail.com	3815	offer fees
OFFER FEES	NETBANKING	DUP3335930	20-MAR-26	6000	Completed Successfully	0602205835	KARUNA SINGH TOMAR	9981964237	kishanwarehouse.aron@gmail.com	6000	offer fees for kishan warehouse Aron
OFFER FEES	NETBANKING	DUP3336251	20-MAR-26	4195	Completed Successfully	2705207077	AMAR SINGH KURMI	9993948585	Amarisngh786.baretha@gmail.com	4195	offer fee of new patel warehouse
OFFER FEES	NETBANKING	DUP3336292	20-MAR-26	2297	Completed Successfully	2603192792	AMAR SINGH RAJPUT	9589282665	amarsinghrajput7227@gmail.com	2297	OFFER FEE
OFFER FEES	NETBANKING	DUP3336339	20-MAR-26	2254	Completed Successfully	2705206677	Premnarayan tiwari	7610700000	atcoolakash786@gmail.com	2254	offer fee of devwati krishi upaj bhandar grah
REGISTRATION FEE	BILLDESK	DUP3336360	20-MAR-26	4333	Completed Successfully	3001208544	GURU SAHAB WAREHOUSE	9993170414	guru.saheb.warehouse@gmail.com	4333	Registration fees
OFFER FEES	NETBANKING	DUP3336384	20-MAR-26	4227	Completed Successfully	2705205048	RAJENDRA SINGH	9685892367	Rajendrashingrusiya@gmail.com	4227	offre fee of rajendra singh warehouse
OFFER FEES	NETBANKING	DUP3336709	20-MAR-26	5670	Completed Successfully	2906204720	LAXMI PATIDAR	9977539686	arpitpatidar005@gmail.com	5670	FEE
OFFER FEES	SBDEBIT	DUP3336870	20-MAR-26	5670	Completed Successfully	2906204935	RAJENDRA KUMAR CHOUHAN	7354632570	CHOUHANTUSHAR40@GMAIL.COM	5670	OFFER FEES FOR IB WH UNIT 2
REGISTRATION FEE	NETBANKING	DUP3337060	20-MAR-26	675	Completed Successfully	2603207515	AMAR SINGH RAJPUT	9589282665	KisanwarehouseII@gmail.com	675	Registration Fee
OFFER FEES	NETBANKING	DUP3336912	20-MAR-26	5694	Completed Successfully	2604208467	Mamta Samaya	9425006848	kkdbabai9425@gmail.com	5694	Offer Fee
REGISTRATION FEE	SBDEBIT	DUP3337219	20-MAR-26	2268	Completed Successfully	2906203925	RAJENDRA KUMAR CHOUHAN	7354632570	CHOUHANTUSHAR40@GMAIL.COM	2268	REGISTRATION FEES FOR IB WAREHOUSE UNIT 1
OFFER FEES	CREDITCARD	DUP3337011	20-MAR-26	2970	Completed Successfully	2703206342	ANKUR JAIN	8109035150	ankurmodi.mgt@gmail.com	2970	offer
OFFER FEES	NETBANKING	DUP3337454	20-MAR-26	5611	Completed Successfully	2604207470	Venu Warehouse	9425433798	vaibhavpaliwal79@gmail.com	5611	Offer Fee
OFFER FEES	BILLDESK	DUP3337460	20-MAR-26	5601	Completed Successfully	2802209220	Asha verma	9425002581	Centernews3@gmail.com	5601	Arsh Enterprises Offer Fee
OFFER FEES	BILLDESK	DUP3337279	20-MAR-26	4749	Completed Successfully	2701208598	D.S. DHAKAD WAREHOUSE	6263609315	anuradhadhakad08@gmail.com	4749	Offer Fees
OFFER FEES	SBDEBIT	DUP3337633	20-MAR-26	3900	Completed Successfully	1606206663	LAXM KASHYAP	9009500108	lieshklilesh@gmail.com	3900	fit
OFFER FEES	SBDEBIT	DUP3337358	20-MAR-26	5644	Completed Successfully	2906207017	PRAGATI WAREHOUSE	7354632570	CHOUHANTUSHAR40@GMAIL.COM	5644	REGISTTRATION FEES FOR PRAGATI WAREHOUSE
REGISTRATION FEE	CREDITCARD	DUP3337654	20-MAR-26	2031	Completed Successfully	2705208405	YASH	9826864041	yashdangas@gmail.com	2031	REG
OFFER FEES	OTHERDCARD	DUP3337850	20-MAR-26	2322	Completed Successfully	1007205736	SANGEETA YADAV	9893767163	sangeetayadav197311@gmail.com	2322	OFFER FEES
OFFER FEES	SBDEBIT	DUP3338037	20-MAR-26	6030	Completed Successfully	1605209937	LOVEE SOMANI	9893072036	ashishroadlinesmds@gmail.com	6030	FIT
REGISTRATION FEE	BILLDESK	DUP3338059	20-MAR-26	1530	Completed Successfully	2201206905	SHREE RAMA KANHAIYA WAREHOUSE	9425011041	sharma.sunil2573@gmail.com	1530	Registration fee
OFFER FEES	SBDEBIT	DUP3337786	20-MAR-26	5641	Completed Successfully	2905207016	SIMRAN WAREHOUSE	7354632570	CHOUHANTUSHAR40@GMAIL.COM	5641	OFFER FEES FOR SIMRAN WAREHOUSE
REGISTRATION FEE	CREDITCARD	DUP3337790	20-MAR-26	1210	Completed Successfully	2703181891	NARENDRA	8839469998	vandanawlc@gmail.com	1210	reg
OFFER FEES	OTHERDCARD	DUP3338272	20-MAR-26	2886	Completed Successfully	1007207379	RASHMI THAKUR	9179819030	thakurrashmi783@gmail.com	2886	offer fees
OFFER FEES	BRANCH	DUP3324489	20-MAR-26	2000	Completed Successfully	0202209928	RAJEEV KUMAR TOMAR	9826801636	TOMARRAJIV369@GMAIL.COM	2000	
OFFER FEES	SBDEBIT	DUP3338657	20-MAR-26	5644	Completed Successfully	1904206929	priyanka chouhan	7354632570	CHOUHANTUSHAR1999@GMAIL.COM	5644	OFFER FEEES FOR KISAN WAREHOUSE
OFFER FEES	NETBANKING	DUP3338992	20-MAR-26	4500	Completed Successfully	3201207142	SHWETA GOYAL	9926351052	himanshu123goyal@gmail.com	4500	JVS SCHEME OFFER FEES 2026-27
OFFER FEES	BILLDESK	DUP3338851	20-MAR-26	5625	Completed Successfully	3704208403	PRIYANKA JAIN	9406754090	jabhishek399@gmail.com	5625	
OFFER FEES	NETBANKING	DUP3339814	20-MAR-26	1136	Completed Successfully	0904181705	PURSHOTTAM PANDEY	9977883505	mohendraindanegv@gmail.com	1136	offer
OFFER FEES	NETBANKING	DUP3339544	20-MAR-26	4955	Completed Successfully	3303208638	Mayuri Nema	9074746988	snehgovindwh@gmail.com	4955	offer
REGISTRATION FEE	NETBANKING	DUP3339916	20-MAR-26	1136	Completed Successfully	0904181705	PURSHOTTAM PANDEY	9977883505	mohendraindanegv@gmail.com	1136	registration
REGISTRATION FEE	NETBANKING	DUP3339983	20-MAR-26	2205	Completed Successfully	2801206710	BEENA BHADORIA	8989004211	kanakselime24@gmail.com	2205	SIDDHI VINAYAK UNIT 2
OFFER FEES	NETBANKING	DUP3340419	20-MAR-26	5633	Completed Successfully	2907207412	Vaibhav Gupta	9893720851	kapilgupta238@gmail.com	5633	OFFER FEES
REGISTRATION FEE	OTHERDCARD	DUP3340233	20-MAR-26	1065	Completed Successfully	1007208221	DEVENDRA KUMAR JAIN	7000491690	harshjain2173@gmail.com	1065	REG. RENEWAL FEES
REGISTRATION FEE	NETBANKING	DUP3340057	20-MAR-26	454	Completed Successfully	0904181705	PURSHOTTAM PANDEY	9977883505	mohendraindanegv@gmail.com	454	registation
OFFER FEES	NETBANKING	DUP3340097	20-MAR-26	4864	Completed Successfully	2907208333	ARIF KHAN	9691529712	mevwarehouse02@gmail.com	4864	FEE
REGISTRATION FEE	BILLDESK	DUP3340434	20-MAR-26	2284	Completed Successfully	3610208590	shivam pawar	8358880406	shivamindian25@gmail.com	2284	WAREHOUSE REGISTRATION FEES
OFFER FEES	NETBANKING	DUP3340625	20-MAR-26	4405	Completed Successfully	2907208249	SHAHNAJ BI	9893835047	ak8192327@gmail.com	4405	FEE
OFFER FEES	NETBANKING	DUP3340560	20-MAR-26	3370	Completed Successfully	3402207859	Kushlata rajput	8770627608	ms.gurukripa@gmail.com	3370	Offer Fee
OFFER FEES	NETBANKING	DUP3340659	20-MAR-26	4155	Completed Successfully	2404204519	Radha Warehouse	9425087098	aayushkgn@gmail.com	4155	Offer Fees 26-27
OFFER FEES	NETBANKING	DUP3340407	20-MAR-26	5640	Completed Successfully	3001205017	SHRI SIDHHI VINAYAK WAREHOUSE	9893341470	siddhivinayakwarehouse001@gmail.com	5640	Offer
OFFER FEES	SBDEBIT	DUP3340724	20-MAR-26	5132	Completed Successfully	3504181146	Divya Sandiman	9021180088	mddivyawarehouse@gmail.com	5132	Offer Fees for Rabi 2026-27
OFFER FEES	NETBANKING	DUP3340781	20-MAR-26	4988	Completed Successfully	2705204639	ZIAUDDIN	7000811404	Kurwaiautomobile@gmail.com	4988	offer fee of insha warehouse
OFFER FEES	CREDITCARD	DUP3341074	20-MAR-26	5062	Completed Successfully	3606192949	Vijay Kumar Juneja	7489831003	vijayjuneja1960@gmail.com	5062	offer fees
REGISTRATION FEE	NETBANKING	DUP3341323	20-MAR-26	394	Completed Successfully	3403207375	BHARAT WAREHOUSE	9425169445	bharatwarehouse3@gmail.com	394.00	REG.FEE
OFFER FEES	NETBANKING	DUP3341352	20-MAR-26	3150	Completed Successfully	2705209383	MISVAUDDIN	999362148	Jazalogistics09	3150	offer fee of JAZA LOGISTICS AND ALLIED SERVICES
OFFER FEES	BILLDESK	DUP3341197	20-MAR-26	4921	Completed Successfully	260118518	MANISHA PATEL	9131923954	srmnitinpatel74@gmail.com	4921	offer fee
OFFER FEES	NETBANKING	DUP3341519	20-MAR-26	5512	Completed Successfully	3611209308	JEETESH VERMA	8871937501	nagpureyehospital@gmail.com	5512	offer fees mahak warehouse
OFFER FEES	BILLDESK	DUP3341566	20-MAR-26	1912	Completed Successfully	2601182070	PRAVEEN PATEL	9131923954	srmnitinpatel74@gmail.com	1912	offer fee
REGISTRATION FEE	NETBANKING	DUP3341712	20-MAR-26	2234	Completed Successfully	2005208081	Babita Bai Yadav	9926974006	gurjardrrambhrosh@gmail.com	2234	Registration fees
OFFER FEES	NETBANKING	DUP3341764	20-MAR-26	2137.5	Completed Successfully	1002192619	MEENA JAIN	9926381608	jb.tony.dj58@gmail.com	2137.50	Offer Fees
OFFER FEES	NETBANKING	DUP3342059	20-MAR-26	7876	Completed Successfully	1706192653	HAKIMI AGRICO AND WAREHOUSE	9762216300	yunusjw@gmail.com	7876	OFFER FEES FOR CROP YEAR 2026-27
REGISTRATION FEE	SBDEBIT	DUP3342070	20-MAR-26	1794	Completed Successfully	2006207556	PREETI PATEL	9977951122	patelpankaj011@gmail.com	1794	om lila warehouse reg fees
OFFER FEES	NETBANKING	DUP3342084	20-MAR-26	5925	Completed Successfully	3403205832	shree shakti corporation warehouse	9755545674	shreeshakticrip20@gmail.com	5925	offre fees
OFFER FEES	NETBANKING	DUP3342085	20-MAR-26	2835	Completed Successfully	330518350	SAROJ RANI AGRAWAL	9300021612	Rimiagrawal99@gmail.com	2835	Payment offer fees
OFFER FEES	OTHERDCARD	DUP3341966	20-MAR-26	5651	Completed Successfully	1603205160	Sumit	8109893799	sumitudiya99@yahoo.com	5651	ok
OFFER FEES	NETBANKING	DUP3342196	20-MAR-26	1885	Completed Successfully	020118189	Bhuri Bai	9754997159	jogsingh817@gmail	1885	
REGISTRATION FEE	NETBANKING	DUP3342210	20-MAR-26	2250	Completed Successfully	3705208494	Vinay Gupta	8878468059	vinaygupta4141@gmail.com	2250	reg fee
OFFER FEES	NETBANKING	DUP3341998	20-MAR-26	1172	Completed Successfully	3402208375	SAROJ BAI	7697335610	Naramdawh@gmail.com	1172	OFFER FEES
OFFER FEES	NETBANKING	DUP3342325	20-MAR-26	3938	Completed Successfully	3001208206	PRAKASH WAREHOUSE	9179174050	prakash02mps@gmail.com	3938	JVS OFFER FEES 2026-27
OFFER FEES	NETBANKING	DUP3342334	20-MAR-26	5550	Completed Successfully	3004193403	RKG LOGISTICS AND AGRI PARK	9425007971	rkggroupbhopal@gmail.com	5550	Offer Fees
OFFER FEES	NETBANKING	DUP3342359	20-MAR-26	1600	Completed Successfully	130318531	MASEARS AALIYA WAREHOUSE	9826820592	khandwatyping1@gmail.com	1600	OFFER FEE
OFFER FEES	NETBANKING	DUP3342363	20-MAR-26	5643	Completed Successfully	2008207523	KRISHNA PATEL	9926598444	rajapatel444@gmail.com	5643	offer fees
OFFER FEES	BILLDESK	DUP3342422	20-MAR-26	5749	Completed Successfully	2606207256	MAA KALA WAREHOUSING	7000219754	pavanpatel1610@gmail.com	5749	maa kala offer fee
OFFER FEES	NETBANKING	DUP3342701	20-MAR-26	5674	Completed Successfully	3102206975	KOHINOOR WAREHOUSE	9425304279	shailendraarya@gmail.com	5674	offer fees
OFFER FEES	NETBANKING	DUP3342866	20-MAR-26	3312	Completed Successfully	2701181296	SATYAM WAREHOUSING COMPANY	9479389486	satyamwarehousingcompany@gmail.com	3312	OFFER FEE
OFFER FEES	NETBANKING	DUP3342714	20-MAR-26	4571	Completed Successfully	3001206536	AKSHAYA WAREHOUSE	9993542433	munianakshaya@gmail.com	4571	OFFER FEES JVS 2026-27
OFFER FEES	NETBANKING	DUP3342878	20-MAR-26	5634	Completed Successfully	2904206439	BABITA JAT	8085357535	manjarkuiwarehouse@gmail.com	5634	OFFER FEE
REGISTRATION FEE	NETBANKING	DUP3342905	20-MAR-26	2250	Completed Successfully	2705207461	Uma singh jat	9300185157	Umasinghjat13@gmail.com	2250	registration fee
REGISTRATION FEE	NETBANKING	DUP3342746	20-MAR-26	1324	Completed Successfully	0201207757	Shailendra singh tomar	9754997159	mpwlc.ambah@gmail.com	1324	
OFFER FEES	NETBANKING	DUP3342761	20-MAR-26	4797	Completed Successfully	2604205739	HSV Warehousing	9827321271	vermajidevisingh123@gmail.com	4797	Offer Fee
OFFER FEES	NETBANKING	DUP3342946	20-MAR-26	3115	Completed Successfully	3305209337	Asha Chouksey	9425389630	lakhanwhwh@gmail.com	3115	offer
REGISTRATION FEE	NETBANKING	DUP3342605	20-MAR-26	1648	Completed Successfully	4101207727	SHRI RAM WAREHOUSE	9753332224	sanjaygolya1693@gmail.com	1648	REGISRATION FEES
OFFER FEES	BILLDESK	DUP3342978	20-MAR-26	5633	Completed Successfully	3003207095	GOLWAR AGRO OGISTICS	7000219754	pavanpatel1610@gmail.com	5633	GOLWAR AGRO WAREHOUSING
OFFER FEES	NETBANKING	DUP3343019	20-MAR-26	3208	Completed Successfully	2303209267	SAPNA GUPTA	8251915814	suryansh847@gmail.com	3208	OFFER FEE
OFFER FEES	CREDITCARD	DUP3343220	20-MAR-26	5775	Completed Successfully	2704207002	Sushila patel	7049777774	Sushilapatel7077@gmail.com	5775	Offer fees
OFFER FEES	NETBANKING	DUP3343431	20-MAR-26	3308	Completed Successfully	0201207757	Shailendra singh tomar	9754997159	mpwlc.ambah@gmail.com	3308	
OFFER FEES	NETBANKING	DUP3343282	20-MAR-26	3657	Completed Successfully	3103207140	KUNAL WAREHOUSE	9424411925	satishturiya@gmail.com	3657	offer fee
OFFER FEES	CREDITCARD	DUP3343040	20-MAR-26	2250	Completed Successfully	3001204570	ESWAR WAREHOUSE PROP SANGEETA MISHRA	8462000634	akash.mishra90@rediffmail.com	2250	JVS POLICY
OFFER FEES	BILLDESK	DUP3342681	20-MAR-26	5443	Completed Successfully	2904205572	Shrinath warehouse nandner g no 10	9893124955	shrinathwarehouse2021@gmail.com	5443	wlc
OFFER FEES	NETBANKING	DUP3343090	20-MAR-26	3375	Completed Successfully	2906203494	Chitra Yadav	9993700197	arpanyadav8602@gmail.com	3375	Offer Fees For Tulsi Warehouse
REGISTRATION FEE	NETBANKING	DUP3343394	20-MAR-26	2190	Completed Successfully	3403208093	K.G.N.WAREHOUSE	7509555356	dkhan2545@gmail.com	2190	REG.FEE
OFFER FEES	BILLDESK	DUP3343490	20-MAR-26	5749	Completed Successfully	3005207097	GOLWAR WAREHOUSING	7000219754	pavanpatel1610@gmail.com	5749	GOLWAR WAREHOUSING OFFER FEE
OFFER FEES	NETBANKING	DUP3343156	20-MAR-26	5977	Completed Successfully	3707207848	Richika Tiwari	8586083585	richikatiwari00@gmail.com	5977	Offer Fee
OFFER FEES	NETBANKING	DUP3343843	20-MAR-26	5625	Completed Successfully	2903208817	RENU PATIDAR	7489489734	laxmideviwarehouse@gmail.com	5625	OFFER FEES
OFFER FEES	OTHERDCARD	DUP3343857	20-MAR-26	5512	Completed Successfully	2801208661	DEV KUNWAR SOLANKI	9691074674	bhupendrasolanki351@gmail.com	5512	JVS OFFER 2026-27 SOLANKI WAREHOUSE
REGISTRATION FEE	BILLDESK	DUP3343600	20-MAR-26	2250	Completed Successfully	2710209944	vasundhara kataria	7879960623	spsuryap350@gmail.com	2250	pay
REGISTRATION FEE	BILLDESK	DUP3343150	20-MAR-26	2288	Completed Successfully	2904208404	Sonpushp Warehouse g no 57	9826735284	satishpatidar6@gmail.com	2288	wlc
OFFER FEES	BILLDESK	DUP3344087	20-MAR-26	5625	Completed Successfully	2710209944	vasundhara kataria	7879960623	spsuryap350@gmail.com	5625	PAY
REGISTRATION FEE	NETBANKING	DUP3343936	20-MAR-26	1261	Completed Successfully	2303208052	VEERENDRA KUMAR JAIN	9685017301	adinathwarehousebamitha@gmail.com	1261	REGISTRATION FEE
OFFER FEES	NETBANKING	DUP3343953	20-MAR-26	3000	Completed Successfully	1303207054	SHREE SANT BUKHARDAS BABA WAREHOUSE	9098888959	anmolb889@gmail.com	3000	OFFER FEE
REGISTRATION FEE	NETBANKING	DUP3343929	20-MAR-26	1681	Completed Successfully	33705208230	Rachna Shivhare	9424950401	bdearehousedhuma@gmail.com	1681	Reg Fee
OFFER FEES	NETBANKING	DUP3343797	20-MAR-26	4500	Completed Successfully	2802205211	DHANWANTI WARE HOUSE	9981209982	dhanwantiwarehouse13@gmail.com	4500	OFFER FEES
OFFER FEES	NETBANKING	DUP3344098	20-MAR-26	2981	Completed Successfully	1804209386	HARE KRISHNA WAREHOUS	9993859695	santoshshivhare167@gmail.com	2981	ok
OFFER FEES	NETBANKING	DUP3344647	20-MAR-26	2632	Completed Successfully	2608206118	KIRAN PATHAK	9425082222	pkiran686@Gmail.com	2632	OFFER FEE
OFFER FEES	NETBANKING	DUP3344671	20-MAR-26	4594	Completed Successfully	0803208815	RANJANA JAIN	7049063900	akshayjain2620@gmail.com	4594	OFFER FEES
REGISTRATION FEE	NETBANKING	DUP3344456	20-MAR-26	2268	Completed Successfully	3205207423	Abhishek shivhare	7692980152	abhishivhareindia@gmail.com	2268	REgistration FEE
OFFER FEES	NETBANKING	DUP3344189	20-MAR-26	2461	Completed Successfully	2004206720	Sarita Chouhan	9827300371	sunilchouhanp@gmail.com	2461	offer Fees
REGISTRATION FEE	NETBANKING	DUP3344733	20-MAR-26	1850	Completed Successfully	3401206666	Monika Chouksey	9993997152	choukseymonika029@gmail.com	1850	Ragistration Fee
REGISTRATION FEE	NETBANKING	DUP3344333	20-MAR-26	2241	Completed Successfully	3705208312	sangeeta dwivedi	8770171545	sangeetadwivedi0019@gmail.com	2241	Reg Fee
OFFER FEES	BILLDESK	DUP3344529	20-MAR-26	5486	Completed Successfully	300518038	Manish	8989120033	mnahar@gmail.com	5486	Offer Fees 26-27 Godown No 28
OFFER FEES	SBDEBIT	DUP3344551	20-MAR-26	5625	Completed Successfully	200618906	SANJAY AGRAWAL	8461871968	sanjay.agrawal123456@gmail.com	5625	OFFER M.M WAREHOUSE
REGISTRATION FEE	NETBANKING	DUP3344383	20-MAR-26	2380	Completed Successfully	4105207752	GUNJA  AGRAWAL	9977679100	gunja.agrawal9100@gmail.com	2380	
OFFER FEES	NETBANKING	DUP3344591	20-MAR-26	2461	Completed Successfully	2004204849	Sangita Warehouse	9827022573	sangeetasatrawala@gmail.com	2461	Offer Fees
OFFER FEES	NETBANKING	DUP3345029	20-MAR-26	6825	Completed Successfully	2905204634	SHIVANSHWAREHOUSE	9229637063	shivanshwarehouse@gmail.com	6825	offer fee
REGISTRATION FEE	NETBANKING	DUP3345027	20-MAR-26	1048	Completed Successfully	2303204333	VIMLA JAIN	9685017301	sapnawarehouse2@gmail.com	1048	REGISTRATION FEE
OFFER FEES	SBDEBIT	DUP3345046	20-MAR-26	1875	Completed Successfully	2006203475	sanjay agrawal	8461871968	sanjay.agrawal1234567@gmail.com	1875	offer mm warehouse 40
OFFER FEES	BILLDESK	DUP3345239	20-MAR-26	3990	Completed Successfully	260118796	SANSKAR AGRO WAREHOUSING	9826876767	anilyadav.140@gmail.com	3990	offer fee
OFFER FEES	NETBANKING	DUP3345252	20-MAR-26	3058	Completed Successfully	2608206981	KIRAN PATHAK	9425082222	pathak.shubham11@gmail.com	3058	OFFER FEE
OFFER FEES	OTHERDCARD	DUP3345265	20-MAR-26	2384	Completed Successfully	1805208395	rekha bai	8269103065	anjanagopal550@gmail.com	2384	GURU KRIPA WAREHOUSE
OFFER FEES	NETBANKING	DUP3345074	20-MAR-26	6888	Completed Successfully	1703209901	Shri Sanawariya Warehouse 26	9685454599	shriganesh.seedalote@gmail.com	6888	OFFER FEES
OFFER FEES	NETBANKING	DUP3345263	20-MAR-26	6047	Completed Successfully	2606204380	MADHVAN WAREHOUSE	7974681435	astik.dudani@gmail.com	6047	OFFER FEE
REGISTRATION FEE	NETBANKING	DUP3345278	20-MAR-26	1675	Completed Successfully	3301208790	Pragati Singh	9926357555	abhishekrajput05@gmail.com	1675	Regigitration renwal
REGISTRATION FEE	BILLDESK	DUP3345243	20-MAR-26	2250	Completed Successfully	3303207922	LAXMI PATEL	9893279469	laxmipatel5569@gmail.com	2250	REGISTRATION FEES
OFFER FEES	NETBANKING	DUP3344927	20-MAR-26	2010	Completed Successfully	3705206526	Teekaran Yadav	8103534776	sonuy2408@gmail.com	2010	Offer Fee
OFFER FEES	BILLDESK	DUP3345131	20-MAR-26	6030	Completed Successfully	2601209175	SHIVA ENTERPRISES WAREHOUSE	7000976837	devisingrajput7000@gmail.com	6030	offer fee
OFFER FEES	NETBANKING	DUP3345329	20-MAR-26	5660	Completed Successfully	2606208261	SHIKHAR LOGI. & WAREHOUSE	9131505061	shikharpaliya444@gmail.com	5660	OFFER FEE
REGISTRATION FEE	NETBANKING	DUP3345170	20-MAR-26	2554	Completed Successfully	3102208075	AGARWAL WAREHOUSE	8319264971	lokesha02@gmail.com	2554	registation fee
OFFER FEES	OTHERDCARD	DUP3345172	20-MAR-26	4608	Completed Successfully	1805208644	JYOTI BALA BHATT	8770882042	rahulbhatt2710@gmail.com	4608	SHRI NARAYAN WAREHOUSE
REGISTRATION FEE	NETBANKING	DUP3344998	20-MAR-26	2214	Completed Successfully	4103203917	SANTOSH GURJAR	9584087083	ygurjar93@gmail.com	2214	
OFFER FEES	CREDITCARD	DUP3345007	20-MAR-26	5698	Completed Successfully	2707206899	Rekha Mittal	9630148550	dkmittal1968@yahoo.co.in	5698	Offer Fee
OFFER FEES	BILLDESK	DUP3345352	20-MAR-26	5625	Completed Successfully	3303207922	LAXMI PATEL	9893279469	laxmipatel5569@gmail.com	5625	OFFER FEES
OFFER FEES	BILLDESK	DUP3345439	20-MAR-26	5616	Completed Successfully	2801204947	MAMTA CHAUHAN	9827060684	mathuradeviwarehouse@gmail.com	5616	
OFFER FEES	NETBANKING	DUP3345647	20-MAR-26	1985	Completed Successfully	070318268	RAMKUMAR NIRANJAN	6268885930	ramkumarpatel618@gmail.com	1985	offer fee
REGISTRATION FEE	NETBANKING	DUP3345660	20-MAR-26	2254	Completed Successfully	3005209945	ABHILASHA	8120149492	shreeramwarehouse2026@gmail.com	2254	REGISTRATION FEE SHREE RAM WAREHOUSE
OFFER FEES	BILLDESK	DUP3345643	20-MAR-26	5502	Completed Successfully	260118791	SANSKAR AGRO PARK	9826876767	nitingour08@rediffmail.com	5502	OFFER FEE
OFFER FEES	NETBANKING	DUP3345489	20-MAR-26	5625	Completed Successfully	3705208494	Vinay Gupta	8878468059	vinaygupta4141@gmail.com	5625	Offer Fee
OFFER FEES	NETBANKING	DUP3345846	20-MAR-26	6088	Completed Successfully	3005203869	Manish	8989120033	mnahar@rediffmail.com	6088	Offer Fees Godown 62
OFFER FEES	NETBANKING	DUP3345700	20-MAR-26	5636	Completed Successfully	3005209945	ABHILASHA	8120149492	shreeramwarehouse2026@gmail.com	5636	OFFER FEE SHREE RAM WAREHOUSE
OFFER FEES	NETBANKING	DUP3345905	20-MAR-26	3615	Completed Successfully	3306207028	Anju Gontia	9424916194	sawariyajiwh@gmail.com	3615	Offer
OFFER FEES	NETBANKING	DUP3345560	20-MAR-26	7223	Completed Successfully	410318407	OM PRAKASH GURJAR	9826715556	opgurjarbpl@gmail.com	7223	
OFFER FEES	NETBANKING	DUP3345906	20-MAR-26	5606	Completed Successfully	2901209604	Abhishek Agrawal	8109000323	vinodgour893@gmail.com	5606	Offer Fees
REGISTRATION FEE	OTHERDCARD	DUP3345568	20-MAR-26	1502	Completed Successfully	180318215	GAJENDRAN SINGH	9926736102	dhudheshwarwarehouse@rediffmail.com	1502	DHUDHESHWAR MAHADEV WAREHOUSE
OFFER FEES	NETBANKING	DUP3345566	20-MAR-26	5871	Completed Successfully	0502206725	DIVYA PRATAP SINGH TOMAR	9406571747	divya_pratap95@yahoo.in	5871	OFFER FEES
OFFER FEES	NETBANKING	DUP3345939	20-MAR-26	5067	Completed Successfully	3008209685	KAVITA THAKUR	8839359645	shriramwarehouse2025@gmail.com	5067	OFFER FEE SHREE RAM WAREHOUSE
OFFER FEES	NETBANKING	DUP3345936	20-MAR-26	5688.75	Completed Successfully	3205207424	Anamika Shihare	8336981166	abhishivhreindia@gmail.com	5688.75	OFFER FEES
OFFER FEES	OTHERDCARD	DUP3345559	20-MAR-26	4358	Completed Successfully	2906206958	TUSHAR CHOUHAN	7354632570	CHOUHANTUSHAR40@GMAIL.COM	4358	OFFER FEES FOR LAXMINARAYAN WH
OFFER FEES	OTHERDCARD	DUP3346069	20-MAR-26	9752.42	Completed Successfully	2901209602	GEETANJALI WAREHOUSE	9926350973	mrraghunathsinghmewada@gmail.com	9752.42	ok
OFFER FEES	NETBANKING	DUP3346488	20-MAR-26	5854	Completed Successfully	3701206157	Komal Rajput	9425898889	rajputlokesh18@gmail.com	5854	
OFFER FEES	NETBANKING	DUP3346312	20-MAR-26	5670	Completed Successfully	2604207949	ASHWINI KUMAR TIWARI SANT SHREE GURU KRIPA WAREHOUSE	9425366264	rathodebudhwada@gmail.com	5670	
OFFER FEES	NETBANKING	DUP3346512	20-MAR-26	3806	Completed Successfully	3005193302	Manish	8989120033	manishnahar@gmail.com	3806	TRI Offer Fees 26-27
OFFER FEES	NETBANKING	DUP3346308	20-MAR-26	10055	Completed Successfully	2004207087	Mankamal WArehouse	9009525222	yagy12345@gmail.com	10055	Offer Fees
REGISTRATION FEE	NETBANKING	DUP3346544	20-MAR-26	2401	Completed Successfully	2606207803	MS SOURABH WAREHOUSE	9575695931	sourabhraghuwanshi9575@gmail.com	2401	REGISTRATION FEE
REGISTRATION FEE	OTHERDCARD	DUP3346376	20-MAR-26	1525	Completed Successfully	1803209947	SHIVA KUNWAR	9754546782	shinghrajendra19@gmail.com	1525	RAJPUT WAREHOUSE UNIT 2
OFFER FEES	OTHERDCARD	DUP3346618	20-MAR-26	4292	Completed Successfully	2605206990	MAA NARMADA WAREHOUSE	8839397996	keshavverma73@gmail.com	4292	OFFER FEE
OFFER FEES	NETBANKING	DUP3346149	20-MAR-26	2048	Completed Successfully	2004206685	Ranu Vishwkarma	9329390555	ranuvishwakarma1980@gmail.com	2048	offer fees
OFFER FEES	NETBANKING	DUP3346166	20-MAR-26	20053	Completed Successfully	2404181130	Radhuvansh Warehouse	9907203900	ravindra_kgn2007@yahoo.co.in	20053	Offer Fees 26-27
REGISTRATION FEE	BILLDESK	DUP3346575	20-MAR-26	1827	Completed Successfully	3005208303	ASHIRWAD WAREHOUSE CHHUCHHAR	7000219754	pavanpatel1610@gmail.com	1827	ASHIRWAD WAREHOUSE OFFERFEE
OFFER FEES	CREDITCARD	DUP3346172	20-MAR-26	5675	Completed Successfully	2704206999	Sunita patel	8109777775	Ap777999@gmail.com	5675	Offer fees
OFFER FEES	NETBANKING	DUP3346610	20-MAR-26	1175	Completed Successfully	300318542	LALITA SONI	9893686024	ramawarehouse@gmail.com	1175	ok
OFFER FEES	NETBANKING	DUP3346718	20-MAR-26	5775	Completed Successfully	1903207052	HARPREET KOUR	7747937355	happyfuelssjp@gmail.com	5775	OFFER 2026-27
REGISTRATION FEE	NETBANKING	DUP3346829	20-MAR-26	1264	Completed Successfully	3005208337	KAVITA TIWARI	7225851818	raghvendraa.tiwari@gmail.com	1264	REGISTRATION FEE RADHA RANI LOGISTICS
OFFER FEES	OTHERDCARD	DUP3346720	20-MAR-26	5155	Completed Successfully	2605208462	SHIV SHAKTI WAREHOUSE	7898824388	vikeshverma009@gmail.com	5155	OFFER FEE
OFFER FEES	NETBANKING	DUP3347014	20-MAR-26	5600	Completed Successfully	3701206043	Poorva Rajput	9890230526	vedikawarehouseseoni@gmail.com	5600	OFFER FEE
REGISTRATION FEE	NETBANKING	DUP3346833	20-MAR-26	1875	Completed Successfully	1106209508	JYOTI JAIN	9993252831	sethanijyoti@gmail.com	1875	registration fee
OFFER FEES	NETBANKING	DUP3346843	20-MAR-26	3159	Completed Successfully	3005208337	KAVITA TIWARI	7225851818	raghvendraa.tiwari@gmail.com	3159	OFFER FEE RADHA RANI LOGISTICS
OFFER FEES	SBDEBIT	DUP3346741	20-MAR-26	3498	Completed Successfully	2906206957	SANGEETA CHOUHAN	7354632570	CHOUHANTUSHAR40@GMAIL.COM	3498	offer
OFFER FEES	NETBANKING	DUP3346840	20-MAR-26	7945	Completed Successfully	260118564	prerna agrawal	9425040138	seonimalwa461223@gmail.com	7945	offer fees
OFFER FEES	BILLDESK	DUP3347033	20-MAR-26	1046	Completed Successfully	2905203785	Aakash agri industries	8889387698	accu1996@gmail.com	1046	Offer fees
OFFER FEES	OTHERDCARD	DUP3347056	20-MAR-26	3136	Completed Successfully	2710208316	VISHAL MAHESHWARI	9039205033	vish9039205033@gmail.com	3136	JVS OFFER 2026-27 BHUTDA WAREHOUSING
OFFER FEES	OTHERDCARD	DUP3346865	20-MAR-26	3805	Completed Successfully	2901208262	M/S DHANSHREE WAREHOUSING	9893539444	mittalgagan@gmail.com	3805	ok
OFFER FEES	NETBANKING	DUP3346872	20-MAR-26	2170	Completed Successfully	300318512	KAMLA JAIN	9893836878	aagambmg@gmail.com	2170	OK
REGISTRATION FEE	NETBANKING	DUP3346802	20-MAR-26	1095	Completed Successfully	4603192952	MANORAMA AGRAWAL	9407137243	hemantagr90@gmail.com	1095	
OFFER FEES	OTHERDCARD	DUP3347217	20-MAR-26	5850	Completed Successfully	2605205806	shardendu choudhry	8770733177	shardenduchoudhry1983@gmail.com	5850	OFF FEE
OFFER FEES	NETBANKING	DUP3346890	20-MAR-26	5149	Completed Successfully	3404181172	OM SHREE MAA GURJAR WAREHOUSE	9868565477	ds.patel68@yahoo.com	5149	OFFER FEES
OFFER FEES	NETBANKING	DUP3347101	20-MAR-26	6176	Completed Successfully	3305209592	RANJEET SINGH THAKUR	9098345471	singhrajputranjit19@gmail.com	6176.00	Godown Offer Fees
OFFER FEES	NETBANKING	DUP3347135	20-MAR-26	1875	Completed Successfully	2004192634	Kunal Jaiswal	9826900235	kunal00202@gmail.com	1875	Offer Fees
REGISTRATION FEE	OTHERDCARD	DUP3346947	20-MAR-26	1519	Completed Successfully	1805209948	Babita sharma	8871442459	sharmaroheat@gmail.com	1519	PRASHASTI FOODGRAIN HANDLING ANDLOGISTICS
REGISTRATION FEE	OTHERDCARD	DUP3347266	20-MAR-26	1749	Completed Successfully	2801208812	PAN BAI	9826661996	shivvinayakwarehouse@gmail.com	1749	REGISTRATION RENEWAL FEE SHIV VINAYAK WAREHOUSE
OFFER FEES	NETBANKING	DUP3347284	20-MAR-26	5625	Completed Successfully	1904208654	DEVRAJ PARMAR	8085907696	devrajp.sjp@gmail.com	5625	OFFER 2026-27
REGISTRATION FEE	NETBANKING	DUP3346990	20-MAR-26	1574	Completed Successfully	2903208277	parmjeet kaur	9827094583	satnamnarang2@gmail.com	1574	RAGIDTRATION FEES
REGISTRATION FEE	NETBANKING	DUP3347187	20-MAR-26	2212	Completed Successfully	3204205650	PREMLATA KARADA	9098707477	gayatriwarehouse2021@gmail.com	2212	REGISTRATION FEE
OFFER FEES	OTHERDCARD	DUP3347323	20-MAR-26	3797	Completed Successfully	1805209948	Babita sharma	8871442459	sharmaroheat@gmail.com	3797	PRASHASTI FOODGRAIN HANDLING ANDLOGISTICS
OFFER FEES	NETBANKING	DUP3347431	20-MAR-26	3925	Completed Successfully	2001204856	JYOTI CHOUDHARY	9399568083	satishprasannseeds@gmail.com	3925	offer fees
REGISTRATION FEE	NETBANKING	DUP3347457	20-MAR-26	1660	Completed Successfully	2008209950	DIPIKA TADA SHREE JAGNNATH WAREHOUSE	9977110704	shreejagannathwarehouse@gmail.com	1660	
OFFER FEES	NETBANKING	DUP3347329	20-MAR-26	3403	Completed Successfully	2102207992	MPSCSC	8871170351	pkpatidar86@gmail.com	3403	OFFER FEES
REGISTRATION FEE	NETBANKING	DUP3347627	20-MAR-26	2460	Completed Successfully	3204205408	ROHITAP SINGH KARADA	9301385102	girirajwarehouse2021@gmail.com	2460	REGISTRATION FEES
REGISTRATION FEE	CREDITCARD	DUP3347620	20-MAR-26	1380	Completed Successfully	2901209657	Nitin Ramani	8827244456	nitinramani84@gmail.com	1380	From Deepesh Asnani Ware House Bilkisganj
OFFER FEES	NETBANKING	DUP3347438	20-MAR-26	3010	Completed Successfully	1303209234	SAINT BUKHARDAS BABA WAREHOUSE	9926043031	anmolb889@gmail.com	3010	
OFFER FEES	NETBANKING	DUP3347496	20-MAR-26	2362	Completed Successfully	4603192954	ARVIND AGRAWAL	9407137243	hemantagr90@gmail.com	2362	
REGISTRATION FEE	NETBANKING	DUP3347499	20-MAR-26	2190	Completed Successfully	1106208198	Shrashti Dixit	6266909015	radhikawhw@gmail.com	2190	Reg Renewal;
OFFER FEES	BILLDESK	DUP3347369	20-MAR-26	6625	Completed Successfully	0701209340	AARADHYA WAREHOUSE PRO IMARTI DEVI	9165281149	aaradhyawarehouse101@gmail.com	6625	OFFER FEES
OFFER FEES	OTHERDCARD	DUP3347355	20-MAR-26	5581	Completed Successfully	2205209552	Rekha Dhakad	9755277672	geetashreewarehouse@gmail.com	5581	OFFER FEES
OFFER FEES	NETBANKING	DUP3347510	20-MAR-26	4151	Completed Successfully	2008209950	DIPIKA TADA SHREE JAGNNATH WAREHOUSE	9977110704	shreejagannathwarehouse@gmail.com	4151	
OFFER FEES	NETBANKING	DUP3347668	20-MAR-26	5929	Completed Successfully	3204208228	KAUSHAL KOTHAR	9425444431	kaushalkothar@GMAIL.COM	5929	kothar wh offer fees
OFFER FEES	BILLDESK	DUP3347815	20-MAR-26	2602	Completed Successfully	2201208536	SHARMA WAREHOUSE	9131068906	ashoksharma67@gmail.com	2602	offer fee
OFFER FEES	NETBANKING	DUP3347540	20-MAR-26	1005	Completed Successfully	2001181450	SATISH CHOUDHARY	9399568083	prasannawarehouse@gmail.com	1005	offer fees
OFFER FEES	BILLDESK	DUP3347705	20-MAR-26	5812	Completed Successfully	3002207291	SHIV WAREHOUSE CHANDPUR	7000219754	pavanpatel1610@gmail.com	5812	SHIV WAREHOUSE OFFER
REGISTRATION FEE	NETBANKING	DUP3347581	20-MAR-26	2190	Completed Successfully	1106208197	Ram Kishor Dixit	7869678802	ganeshwhdulhan1@gmail.com	2190	reg renwal
OFFER FEES	SBDEBIT	DUP3347860	20-MAR-26	3516	Completed Successfully	2006206357	LILA BAI	9669407120	rupeshrathore560@gmail.com	3516	offer arshit warehouise
REGISTRATION FEE	NETBANKING	DUP3348035	20-MAR-26	1150	Completed Successfully	2404208137	Gangadas Warehousing Corporation	8889043097	gouravmittal4nov@gmail.com	1150	ok
REGISTRATION FEE	NETBANKING	DUP3348108	20-MAR-26	2223	Completed Successfully	3106208250	SHRI MAA CHAMUNDA WAREHOUSE	9893956562	pravinrathore09@gmail.com	2223	reg fee
OFFER FEES	SBDEBIT	DUP3348235	20-MAR-26	2927	Completed Successfully	2006208334	DIPIKA TADA	9753326788	dayaramwarehouse@gmail.com	2927	offer fees dayaram warehouse
REGISTRATION FEE	BILLDESK	DUP3348232	20-MAR-26	2273	Completed Successfully	4101205103	SHUBH LOGISTIC SOLUTIONS	9425042105	harda_degree@yahoo.com	2273	Registration Fees
REGISTRATION FEE	NETBANKING	DUP3348140	20-MAR-26	2293	Completed Successfully	3008208472	SHRI THAKUR	7000199769	shrimaanarmada@gmail.com	2293	REGISTRATION FEE SHRI MAA NARMADA WAREHOUSE
OFFER FEES	SBDEBIT	DUP3348226	20-MAR-26	5362.5	Completed Successfully	2003208492	Patel Warehouse	9039382038	patelwarehouseagera@gmail.com	5362.50	OFFER FEES
REGISTRATION FEE	BILLDESK	DUP3348128	20-MAR-26	2157	Completed Successfully	4403206450	KAVITA DABKARA	9977771275	nileshdabkara@gmail.com	2157	REGISTRATION FEES
OFFER FEES	NETBANKING	DUP3348168	20-MAR-26	5734	Completed Successfully	3008208472	SHRI THAKUR	7000199769	shrimaanarmada@gmail.com	5734	OFFER FEE SHRI MAA NARMADA WAREHOUSE
REGISTRATION FEE	OTHERDCARD	DUP3348178	20-MAR-26	2189	Completed Successfully	2801208645	SANTOSH KUMAR DHAKAD	9406512704	cfspd7960r@gmail.com	2189	REGISTRATION RENEWAL FEE
OFFER FEES	NETBANKING	DUP3348298	20-MAR-26	1850	Completed Successfully	3106203603	JAGDAMBE WAREHOUSE	9425638367	JAGDISHRATHORE545@GMAIL.COM	1850	OFFER FEE
REGISTRATION FEE	NETBANKING	DUP3348190	20-MAR-26	2208	Completed Successfully	0507208300	BHAGWATI LODHI	9893404350	jagdish_lodhi@rediffmail.com	2208	Registration fee
REGISTRATION FEE	NETBANKING	DUP3348305	20-MAR-26	1512	Completed Successfully	3306205413	PRAKASH CHAND JAIN	9425155903	siddharth7jain@gmail.com	1512.00	Registration Fees
REGISTRATION FEE	NETBANKING	DUP3348618	20-MAR-26	2245	Completed Successfully	3008207480	DEEVA LOGISTICS JAIT	9993184591	atransport14@gmail.com	2245	REGISTRATION FEE DEEVA LOGISTICS JAIT
OFFER FEES	NETBANKING	DUP3348432	20-MAR-26	2970	Completed Successfully	3303181927	Rahul Agrawal	9302223401	mangalam.agro77@gmail.com	2970	
OFFER FEES	NETBANKING	DUP3348372	20-MAR-26	5613	Completed Successfully	3008207480	DEEVA LOGISTICS JAIT	9993184591	atransport14@gmail.com	5613	OFFER FEE DEEVA LOGISTICS JAIT
REGISTRATION FEE	OTHERDCARD	DUP3348435	20-MAR-26	2309	Completed Successfully	2710207200	Mohit Chandak	7204519840	mohit.chandak01@gmail.com	2309	Shrinath Warehousing, Shamshabad
OFFER FEES	SBDEBIT	DUP3348441	20-MAR-26	8606.25	Completed Successfully	2007208318	Patel Warehouse	8109342110	dp9624097@gmail.com	8606.25	OFFER FEES
OFFER FEES	SBDEBIT	DUP3348497	20-MAR-26	4414	Completed Successfully	2006208320	Aruna Tada	9753326788	renukawarehouse3@gmail.com	4414	OFFER FEES RENUKA WAREHOUE
OFFER FEES	BILLDESK	DUP3347997	20-MAR-26	5719	Completed Successfully	2904208404	Sonpushp Warehouse gno 57	9826735284	satishpatidar6@gmail.com	5719	wlc
REGISTRATION FEE	OTHERDCARD	DUP3348704	20-MAR-26	1484	Completed Successfully	2801207132	JASWANT SINGH GOUR	8103330417	shrimahakalwarehouse22@gmail.com	1484	REGISTRATION RENEWAL FEE
OFFER FEES	NETBANKING	DUP3348826	20-MAR-26	2251	Completed Successfully	3005192958	ANITA CHOUDHARY	7999898234	sarthakwarehousing456@gmail.com	2251	offer fees
OFFER FEES	NETBANKING	DUP3348831	20-MAR-26	5615	Completed Successfully	3303205916	Apoorva Agrawal	9302223401	mangalamfoodsindia@gmail.com	5615	Offer
OFFER FEES	OTHERDCARD	DUP3348697	20-MAR-26	2531	Completed Successfully	4701206870	NARENDRAMAL LODHA	9425394699	NLODHA331@GMAIL.COM	2531	OFFER FEES
REGISTRATION FEE	SBDEBIT	DUP3348839	20-MAR-26	2400	Completed Successfully	1303206946	MONIKA AGRAWAL	9926010070	VINIT.AGEAWAL09@GMAIL.COM	2400	REGI FEE
OFFER FEES	SBDEBIT	DUP3348840	20-MAR-26	2102.95	Completed Successfully	2007208366	Shree Laxman Warehouse	8225085368	ajayparmar6155@gmail.com	2102.95	offer fees
OFFER FEES	NETBANKING	DUP3348742	20-MAR-26	1875	Completed Successfully	2908209711	SHRI MAA NARMADA LOGISTICS	7440526089	shrimaanarmadalogisticskn@gmail.com	1875	offer
OFFER FEES	NETBANKING	DUP3348745	20-MAR-26	4256	Completed Successfully	260618260	AASTIK WAREHOUSE	9111302010	dcbs12shrykabra@gmail.com	4256	OFFER FEE
OFFER FEES	NETBANKING	DUP3348756	20-MAR-26	3942	Completed Successfully	3303181479	Rahul Agrawal	9302223401	rahul194158@gmail.com	3942	offer
REGISTRATION FEE	BILLDESK	DUP3348744	20-MAR-26	2250	Completed Successfully	2608208754	SAFAL AGROTECH 2	9009534456	dubeypreeti2023@gmail.com	2250	registration fee
OFFER FEES	SBDEBIT	DUP3348876	20-MAR-26	5999	Completed Successfully	1303206946	MONIKA AGRAWAL	9926010070	VINIT.AGEAWAL09@GMAIL.COM	5999	OFFER
OFFER FEES	NETBANKING	DUP3348871	20-MAR-26	13112	Completed Successfully	290518647	Sajjan Singh Mukati	7000506148	sajjansinghmukati@gmial.com	13112	Sajjan Singh Mukati Warehouse
OFFER FEES	OTHERDCARD	DUP3348776	20-MAR-26	5906	Completed Successfully	2605204668	VISHAL AGRO WAREHOUSING	9425475401	RASHITHAKU1195@GMAIL.COM	5906	OFFER FEE
REGISTRATION FEE	OTHERDCARD	DUP3348787	20-MAR-26	979	Completed Successfully	2801208497	LAXMI BAI GOUR	6265134515	shribankebihariwarehouse@gmail.com	979	REGISTRATION RENEWAL FEE
OFFER FEES	OTHERDCARD	DUP3348924	20-MAR-26	1125	Completed Successfully	1007208914	PAVAN KUMAR JAIN	9630816565	pavanjain.111964@gmail.com	1125	OFFER FEES
OFFER FEES	SBDEBIT	DUP3349025	20-MAR-26	3172	Completed Successfully	2008208322	Aruna Tada	9753326788	devlalkakawarehouse@gmail.com	3172	OFFER FEES DEVLAL KAKA
OFFER FEES	NETBANKING	DUP3349035	20-MAR-26	2858	Completed Successfully	2605207246	SHREE MAA AGRO PARK AND WAREHOUSE	6265473906	bharattiwari130@gmail.com	2858	Offer fees
OFFER FEES	NETBANKING	DUP3348956	20-MAR-26	3943	Completed Successfully	300518148	INDER SINGH CHOUDHARY	9926352581	shresthinder@gmail.com	3943	offer fees
OFFER FEES	NETBANKING	DUP3348602	20-MAR-26	3574	Completed Successfully	1909206512	rekha sharma	9993404705	sureshsharma4705@gmail.com	3574	JAI SHRI KALESHWERWAREHOUSE MPWLCAKODIYA
REGISTRATION FEE	NETBANKING	DUP3348609	20-MAR-26	2250	Completed Successfully	1904205188	VARSHA AGRAWAL	7000184067	ankitagrawal340@gmail.com	2250	RENEW FEES
OFFER FEES	BILLDESK	DUP3348982	20-MAR-26	6668	Completed Successfully	2608207550	SAFAL AGROTECH	8770326056	sheetalraghuwan18@gmail.com	6668	OFFER FEE
OFFER FEES	BILLDESK	DUP3349026	20-MAR-26	5434	Completed Successfully	4403206974	ANKITA JAIN	9977722218	jaijinendra2022@gmail.com	5434	offer fee
REGISTRATION FEE	BILLDESK	DUP3348991	20-MAR-26	1166	Completed Successfully	2905204569	SHIVANI WAREHOUSE	8989804343	SHIVANI.WAREHOUSE01@GMAIL.COM	1166	RENEWL RAGISTRATION FEE
OFFER FEES	NETBANKING	DUP3349106	20-MAR-26	8432	Completed Successfully	2707206972	Sahabat Khan	9826536462	unsaafyoungster@gmail.com	8432	Offer Fees
REGISTRATION FEE	NETBANKING	DUP3349480	20-MAR-26	610	Completed Successfully	1909203416	KANTAPRASAD SHARMA	9993404705	sureshsharma4705@gmail.com	610	SHREE KALESHWARWAREHOUSE MPWLCAKODIYA
OFFER FEES	OTHERDCARD	DUP3349134	20-MAR-26	5660	Completed Successfully	2605207558	GAYTRI WAREHOUSE	9617009457	gaytriwarehousegajnai2020@gmail.com	5660	OFFER FEE
OFFER FEES	NETBANKING	DUP3349149	20-MAR-26	4491	Completed Successfully	3202204524	gyanswaroop mundra	9425037690	gyanswaroopmundra131@gmail.com	4491	offer fees
OFFER FEES	OTHERDCARD	DUP3349186	20-MAR-26	4063	Completed Successfully	0602205501	PATEL WAREHOUSE	8085785162	OJHA9566@GMAIL.COM	4063	OFFER FEES
REGISTRATION FEE	BILLDESK	DUP3349160	20-MAR-26	1045	Completed Successfully	2605181247	vivek malviya	9826028192	mkhandelwal912@gmail.com	1045	registration fee
REGISTRATION FEE	NETBANKING	DUP3349589	20-MAR-26	2438	Completed Successfully	3102208422	RAJLATA MACHEVAR	8390899526	machevar.rahul@gmail.cm	2438	renew registration
OFFER FEES	OTHERDCARD	DUP3349594	20-MAR-26	2649	Completed Successfully	2001208959	RAMESH CHANDRA SHARMA	9926322208	mohitwarehouse1@gmail.com	2649	mohit warehouse unit 2
OFFER FEES	BILLDESK	DUP3349681	20-MAR-26	2943	Completed Successfully	2201209493	KRISHNA WAREHOUSE	8959202020	tufandodiya20@gmail.com	2943	offer fee
OFFER FEES	NETBANKING	DUP3349692	20-MAR-26	1009	Completed Successfully	2301209894	PRATIMA THAPAK	9926854343	ramkishorethapak5@gmail.com	1009	OFFER FEES OF ASHUTOSH WAREHOUSE GRAM DERI POST VIDYAPURAM DIST CHHATARPUR
REGISTRATION FEE	NETBANKING	DUP3349693	20-MAR-26	2160	Completed Successfully	2008208068	KAYYUM KHAN	9893447103	monawarehouse1@gmail.com	2160	Registration fees
OFFER FEES	NETBANKING	DUP3349866	20-MAR-26	1958	Completed Successfully	0703209389	swami sharan	7067678168	swamisharanpatel26@gmail.com	1958	swami sharan
OFFER FEES	SBDEBIT	DUP3349395	20-MAR-26	4033	Completed Successfully	2007206885	chatrapati warehouse	9826914366	warehouselimboda@gmail.com	4033	OFFER FEES
OFFER FEES	NETBANKING	DUP3349726	20-MAR-26	3830	Completed Successfully	1903208207	CHINTAMANI PARAMR	9754793377	dspme13@gmail.com	3830	OFFER 2026-27
OFFER FEES	NETBANKING	DUP3349773	20-MAR-26	2729	Completed Successfully	2905206686	Sanjesh Jat	8629999649	sksk.jat	2729	Krashk Warehouse
REGISTRATION FEE	BILLDESK	DUP3349411	20-MAR-26	2257	Completed Successfully	2905207150	Kamal Chauhan	9755024355	grainsvishwaraj@gmail.com	2257	Trf Registration Fee 2026-27



