Start Date	20/11/2025
End Date	20/11/2025

Category Name	Payment Mode	Bank Reference No	Transaction Date	Amount	Status	REGISTRATION ID	NAME OF DEPOSITOR	CONTACT NO.	EMAIL ID	FEE	Remarks
REGISTRATION FEE	NETBANKING	DUO8709697	20-NOV-25	3000	Completed Successfully	2504207672	NEELIMA PANDEY	8770968156	kamtawarehouse@gmail.com	3000	REGISTRATION RENEWAL FEES
REGISTRATION FEE	NETBANKING	DUO8711374	20-NOV-25	403	Completed Successfully	2309206668	abhay kumar jain	7999959709	Jainani9988@gmail.com	403.00	Registration Fee By Shahrukh
OFFER FEES	NETBANKING	DUO8711780	20-NOV-25	1008	Completed Successfully	2309206668	abhay kumar jain	7999959709	Jainani9988@gmail.com	1008	Offer Fee FATTA JI WAREHOUSE By Shahrukh
REGISTRATION FEE	NETBANKING	DUO8712348	20-NOV-25	409	Completed Successfully	2309206721	abhay kumar jain	7999959709	Janimesh558@gmail.com	409	Registration Fee Fatta 02
OFFER FEES	NETBANKING	DUO8712635	20-NOV-25	1023	Completed Successfully	2309206721	abhay kumar jain	7999959709	Janimesh558@gmail.com	1023	Offer Fees Fatta 02 By Shahrukh
REGISTRATION FEE	NETBANKING	DUO8718899	20-NOV-25	2250	Completed Successfully	1102207032	Muskan Thakur	8817582889	Shribharatwh@gmail.com	2250	Reg Renewal
OFFER FEES	NETBANKING	DUO8719788	20-NOV-25	3856	Completed Successfully	330318582	Ahiya Bai Patel	9009499501	ahilyawarehouse@gmail.com	3856	Offer
OFFER FEES	NETBANKING	DUO8723193	20-NOV-25	1125	Completed Successfully	1107181610	ARVIND KUMAR TAMRAKAR	8770508287	rajulraja57@gmail.com	1125	offer fees with registration remaining fees
REGISTRATION FEE	BILLDESK	DUO8723447	20-NOV-25	1416	Completed Successfully	290418890	devendra patel	9993075695	pateldevendra1978@gmail.com	1416	krishna warehouse g no 20 amon
REGISTRATION FEE	NETBANKING	DUO8728110	20-NOV-25	2246	Completed Successfully	4204206671	EKTA WAREHOUSE	9425153971	pkmkatni@gmail.com	2246	REGISTRATION RENEWAL
OFFER FEES	NETBANKING	DUO8731027	20-NOV-25	3935	Completed Successfully	3305207474	Pushpa Bai Sharma	9977515058	vivekbhatt662@gmail.com	3935	offer
REGISTRATION FEE	BILLDESK	DUO8732064	20-NOV-25	2300	Completed Successfully	3005207097	golwar warehousing	7000219754	pavanpatel1610@gmail.com	2300	golwar war rgistriation fee
REGISTRATION FEE	NETBANKING	DUO8735038	20-NOV-25	2288	Completed Successfully	4206207851	SHRI MARUTI WAREHOUSE	9179821380	kamalsahu0845@gmail.com	2288	Registration of Warehouse FOR THE YEAR BY KAMLESH SAHU 5719 MT FOR THE YEAR 25-26



