Start Date	21-02-2021										
End Date	21-02-2021										
											
Category Name	Payment Mode	Bank Reference No	Transaction Date	Amount	Status	REGISTRATION ID	NAME OF DEPOSITOR	CONTACT NO.	EMAIL ID	FEE	Remarks
REGISTRATION FEE	NETBANKING	DUE3670515	21-Feb-21	1789	Completed Successfully	10318252	Meetesh Dwivedi	9971723013	meetdw@gmail.com	1789	Registration fees
											
											
											
											
											
											
											
											
											
											
											
											
											
											
											
											
											
											
											
											
											
											
											
											
											
											
											
											
											
											
											
											
											
											
											
											
											
											
											
											
											
											
											
											
											
											
											
											
											
											
											
											
											
											
											
											
											
											
											
											
											
											
											
											
											
											
											
											
											
											
											
											
											
											
											
											
											
											
											
											
											
											
											
											
											
											
											
											
											
											
											
											
											
											
											
											
											
											
											
											
											
											
											
											
											
											
											
											
											
											
											
											
Category Name	Payment Mode	Bank Reference No	Transaction Date	Amount	Status	FEE TYPE	REGISTRATION ID	NAME OF DEPOSITOR	CONTACT NO.	EMAIL ID	FEE
JVS SCHEME FEE	NETBANKING	DUE3663649	21-Feb-21	2454	Completed Successfully	OFFER FEES	2303204587	ravindra nath jain	9993062123	SPWH1234@GMAIL.COM	2454
JVS SCHEME FEE	NETBANKING	DUE3664089	21-Feb-21	1575	Completed Successfully	OFFER FEES	1002192790	sanjay kumar thakur	9009610598	thakuranshul694@gmail.com	1575
JVS SCHEME FEE	NETBANKING	DUE3665583	21-Feb-21	10257	Completed Successfully	OFFER FEES	280218546	RAVI KUMAR	9425375034	aswaniravi16@yahoo.in	10257
JVS SCHEME FEE	NETBANKING	DUE3666426	21-Feb-21	5565	Completed Successfully	OFFER FEES	2701204286	AZIM JAVED KHAN	9301902381	786njk@gmail.com	5565
JVS SCHEME FEE	NETBANKING	DUE3667911	21-Feb-21	5604	Completed Successfully	OFFER FEES	1607204588	shee nath warehouse	8982712701	vineetporwal701@gmail.com	5604
JVS SCHEME FEE	NETBANKING	DUE3668585	21-Feb-21	1688	Completed Successfully	REGISTRATION FEES	2701204591	AZIM JAVED KHAN	9301902381	javedvds@gmail.com	1688
JVS SCHEME FEE	NETBANKING	DUE3669093	21-Feb-21	4219	Completed Successfully	OFFER FEES	2701204591	AZIM JAVED KHAN	9301902381	javedvds@gmail.com	4219
JVS SCHEME FEE	NETBANKING	DUE3669804	21-Feb-21	5575	Completed Successfully	OFFER FEES	160118426	SHRIRAM WAREHOUSE	9993372051	shriramwarehousesgz@gmail.com	5575
JVS SCHEME FEE	RUPAYCARD	DUE3670198	21-Feb-21	3897	Completed Successfully	OFFER FEES	2604193266	GAMBHIR SINGH	8770144925	gambhirsingh0122@gmail.com	3897
JVS SCHEME FEE	NETBANKING	DUE3671953	21-Feb-21	5788	Completed Successfully	OFFER FEES	3005204593	RAJESH CHOUDHARY	9981223291	maikalsutabareli@gmail.com	5788
JVS SCHEME FEE	CREDITCARD	DUE3674872	21-Feb-21	7143	Completed Successfully	REGISTRATION FEES	260318528	NAVJYOTI COMMODITY MANAGEMENT SERVICES LIMITED	8374500399	hosh.navjyoti@lnbgroup.com	7143
JVS SCHEME FEE	CREDITCARD	DUE3675671	21-Feb-21	7418	Completed Successfully	REGISTRATION FEES	410118520	NAVJYOTI COMMODITY MANAGEMENT SERVICES LIMITED	8374500399	harda.navjyoti@lnbgroup.com	7418
JVS SCHEME FEE	CREDITCARD	DUE3676547	21-Feb-21	5097	Completed Successfully	REGISTRATION FEES	200118862	NAVJYOTI COMMODITY MANAGEMENT SERVICES LTD	8374500399	dewas.navjyoti@lnbgroup.com	5097
JVS SCHEME FEE	NETBANKING	DUE3676578	21-Feb-21	4096	Completed Successfully	OFFER FEES	1604193254	ABIR WAREHOUSE	9826719956	dr.ishaan4456@gmail.com	4096
JVS SCHEME FEE	NETBANKING	DUE3687559	21-Feb-21	2297	Completed Successfully	OFFER FEES	130118698	UMESH MISHRA	8889520000	umeshmishra20000@gmail.com	2297
