Start Date	21/07/2022
End Date	28/07/2022

Category Name	Payment Mode	Bank Reference No	Transaction Date	Amount	Status	REGISTRATION ID	NAME OF DEPOSITOR	CONTACT NO.	EMAIL ID	FEE	Remarks
OFFER FEES	OTHERDCARD	DUJ4245206	21-JUL-22	3247	Completed Successfully	2605203865	Saviya Thakur	9977845509	thakur997784@gmail.com	3247	Off. Fee
OFFER FEES	SBDEBIT	DUJ4274854	21-JUL-22	4501	Completed Successfully	3404204470	PUSHPA PATEL	9424999141	saurabhpatel697@gmail.com	4501	2022-23 offer for M/S JANAKPUR WAREHOUSE
REGISTRATION FEE	OTHERDCARD	DUJ4328261	22-JUL-22	2300	Completed Successfully	2605207735	Rajapatel	9425645236	rajapatel236@gmail.com	2300	Reg. Fee
OFFER FEES	NETBANKING	DUJ4329151	22-JUL-22	4400	Completed Successfully	3303182512	PHOOL BAI THAKUR	9993277266	roshnithakur199813@gmail.com	4400	Offer -	ROSHNI AGRO PARK WAREHOUS
REGISTRATION FEE	NETBANKING	DUJ4471223	25-JUL-22	1728	Completed Successfully	2606193283	SIDDHI VINAYAK WAREHOUSE	9329770108	prashantrai426@gmail.com	1728	REGISTRATION FEES
REGISTRATION FEE	SBDEBIT	DUJ4484067	25-JUL-22	2277	Completed Successfully	3404207736	KESHAR BAI PATEL	7771043568	keshwanandwarehousing@gmail.com	2277.00	2022-23 Reg fees KESHWANAND WAREHOUSE
OFFER FEES	SBDEBIT	DUJ4484765	25-JUL-22	5692	Completed Successfully	3404207736	KESHAR BAI PATEL	7771043568	keshwanandwarehousing@gmail.com	5692.00	2022-23 offer fees KESHWANAND WAREHOUSE
OFFER FEES	OTHERDCARD	DUJ4511984	26-JUL-22	5749	Completed Successfully	2605207735	Rajapatel	9425645236	Rajapatel236@gmail.com	5749	Off Fee
OFFER FEES	NETBANKING	DUJ4622017	27-JUL-22	5738	Completed Successfully	2906204119	RAVINDRA PATIDAR	9893088218	patidarravindra218@gmail.com	5738	
REGISTRATION FEE	NETBANKING	DUJ4656553	28-JUL-22	472	Completed Successfully	2904192733	RURAL WAREHOUSE	9755703173	rulerwearhouse@gmail.com	472	RURAL WAREHOUSE BAKTARA DIST SEHORE MP
REGISTRATION FEE	NETBANKING	DUJ4658296	28-JUL-22	450	Completed Successfully	2904192725	Reginal werehouse center baktara	9755703173	beerchouhan@gmail.com	450	Reginal werehouse center baktara dist. sehore mp 466448
REGISTRATION FEE	SBDEBIT	DUJ4662102	28-JUL-22	1111	Completed Successfully	2904207737	Hemlata Chouhan Wo Rajaram Chouhan	9691752622	shreekrishnawarehouse2022@gmail.com	1111	REGISTRATION Fees
OFFER FEES	SBDEBIT	DUJ4662205	28-JUL-22	2779	Completed Successfully	2904207737	Hemlata Chouhan Wo Rajaram Chouhan	9691752622	shreekrishnawarehouse2022@gmail.com	2779.00	Offer Fees



