Start Date	23/03/2022
End Date	23/03/2022

Category Name	Payment Mode	Bank Reference No	Transaction Date	Amount	Status	REGISTRATION ID	NAME OF DEPOSITOR	CONTACT NO.	EMAIL ID	FEE	Remarks
OFFER FEES	CREDITCARD	DUI7427234	23-MAR-22	5573	Completed Successfully	2701205541	SEEMA MITTAL	9630148550	dkmittal1968@gmail.com	5573	Offer Fee For Secure Logistics Warehouse
OFFER FEES	CREDITCARD	DUI7427239	23-MAR-22	5698	Completed Successfully	2706205920	CHARU MITTAL	7435024084	charu.mittal1997@gmail.com	5698	Offer Fee for Kissan Storage Warehouse
OFFER FEES	CREDITCARD	DUI7427259	23-MAR-22	5573	Completed Successfully	2701205542	MANJU GUPTA	9907027957	msinfrabhopal@gmail.com	5573	Offer Fee for Reliable Logistics Warehouse
OFFER FEES	CREDITCARD	DUI7427270	23-MAR-22	5698	Completed Successfully	2706205921	Ankita Gupta	8305429482	engsunil007@gmail.com	5698	Offer fee for Greenfield Storae Warehouse
REGISTRATION FEE	NETBANKING	DUI7427117	23-MAR-22	1515	Completed Successfully	2906207035	Shyam Babu gour	9425660224	shyamgour198@gmail.com	1515	Registration fee
OFFER FEES	NETBANKING	DUI7427445	23-MAR-22	3787	Completed Successfully	2906207035	Shyam Babu gour	9425660224	shyamgour198@gmail.com	3787	Offer fees
OFFER FEES	NETBANKING	DUI7428432	23-MAR-22	3938	Completed Successfully	3808204779	ANJU JAISWAL	9425822889	jaiswalanju232@gmail.com	3938	MPWLC LALBURRA
OFFER FEES	NETBANKING	DUI7428323	23-MAR-22	3534	Completed Successfully	3808204500	SEEMA JAIN	9301210629	1008ajayjain@gmail.com	3534	MPWLC LALBURRA
OFFER FEES	NETBANKING	DUI7429884	23-MAR-22	1358	Completed Successfully	2306181091	ANANTRAM YADAV	9926935897	yadavprashant794@gmail.com	1358	
OFFER FEES	OTHERDCARD	DUI7430684	23-MAR-22	4812	Completed Successfully	0202205049	RAJ CHAUHAN	9329439792	vimalsinghchauhan320@gmail.com	4812	offer fess for sanichara warehouse
REGISTRATION FEE	NETBANKING	DUI7431834	23-MAR-22	911	Completed Successfully	2306206912	GIRJA PANDEY	9826651470	girjapandey03@gmail.com	911	GIRJA PANDEY 	HARIBALLAV WARE HOUSE
REGISTRATION FEE	OTHERDCARD	DUI7432141	23-MAR-22	2256	Completed Successfully	2905207016	SIMRAN THAKUR	8959103505	SIMRANTHAKUR8342@GMAIL.COM	2256	OK
OFFER FEES	OTHERDCARD	DUI7432630	23-MAR-22	5641	Completed Successfully	2905207016	SIMRAN THAKUR	8959103505	SIMRANTHAKUR8342@GMAIL.COM	5641	OK
OFFER FEES	OTHERDCARD	DUI7433081	23-MAR-22	2258	Completed Successfully	2906207017	PRAGATI PATEL	8305172701	PRRETAMSINGH153@GMAIL.COM	2258	OK
OFFER FEES	OTHERDCARD	DUI7433410	23-MAR-22	5644	Completed Successfully	2906207017	PRAGATI PATEL	8305172701	PREETAMSINGH153@GMAIL.COM	5644	OK
REGISTRATION FEE	NETBANKING	DUI7433475	23-MAR-22	1144	Completed Successfully	2701207036	PRANAV LAHOTI	9827555123	LAHOTIPRANAV16@GMAIL.COM	1144	
OFFER FEES	NETBANKING	DUI7434191	23-MAR-22	2861	Completed Successfully	2701207036	Pranav Lahoti	9827555123	lahotipranav60@gmail.com	2861	
OFFER FEES	OTHERDCARD	DUI7435043	23-MAR-22	6956	Completed Successfully	0801203464	URMILA PATEL	9977006100	samriddhiwarehouse786@gmail.com	6956	offer fees
REGISTRATION FEE	NETBANKING	DUI7436872	23-MAR-22	2270	Completed Successfully	3102206975	shailendra arya	9425304279	shailendraarya@gmail.com	2270	
OFFER FEES	NETBANKING	DUI7437116	23-MAR-22	5675	Completed Successfully	3102206975	shailendra arya	9425304279	shailendraarya@gmail.com	5675	
OFFER FEES	OTHERDCARD	DUI7437518	23-MAR-22	5400	Completed Successfully	460118097	Krishnabhan singh Yadav	9425662345	raajeevprataap@gmail.com	5400	Warehouse offer fees
OFFER FEES	NETBANKING	DUI7441526	23-MAR-22	5643	Completed Successfully	2802205166	shree geet warehouse	7869786779	geetapatidar24@gmail.com	5643	
OFFER FEES	NETBANKING	DUI7441898	23-MAR-22	3038	Completed Successfully	1904192810	MANSHA PARMAR	9926034535	yashodawarehouse982@gmail.com	3038	OFFER FEES
REGISTRATION FEE	NETBANKING	DUI7442344	23-MAR-22	1645	Completed Successfully	3201207040	SONAL GOYAL	9981500121	joinvickey@yahoo.co.in	1645	MPWLC REGISTRATION FEES
REGISTRATION FEE	BILLDESK	DUI7442808	23-MAR-22	2227	Completed Successfully	2801207041	SATYAM WAREHOUSE	9425684043	satyamwarehouse22@gmail.com	2227	Registration Fee
OFFER FEES	NETBANKING	DUI7443042	23-MAR-22	5576	Completed Successfully	2607203952	gopal warehousing	9893730740	gopaltradingbankhedi888@gmail.com	5576	OFFER FEES
REGISTRATION FEE	NETBANKING	DUI7442909	23-MAR-22	1675	Completed Successfully	1805192626	SUDHA SHRIVASTA	7691982222	vasuandsohaniwarehouse123@gmail.com	1675	VASU AND SOHANI WAREHOUSE
OFFER FEES	NETBANKING	DUI7443510	23-MAR-22	4112	Completed Successfully	3201207040	SONAL GOYAL	9981500121	joinvickey@yahoo.co.in	4112	OFFER FEES
OFFER FEES	BILLDESK	DUI7444048	23-MAR-22	5568	Completed Successfully	2801207041	SATYAM WAREHOUSE	9425684043	satyamwarehouse22@gmail.com	5568	OFFER FEE
OFFER FEES	NETBANKING	DUI7445466	23-MAR-22	5816	Completed Successfully	2001182053	SADHNA AGRAWAL	9826934433	sadhna_agrawal@yahoo.com	5816	sadhna enterprises
REGISTRATION FEE	BILLDESK	DUI7445432	23-MAR-22	2064	Completed Successfully	2005207043	MEENA GARG	9893884445	shrinatraj71@gmail.com	2064	Registration Fee
REGISTRATION FEE	NETBANKING	DUI7445862	23-MAR-22	2391	Completed Successfully	2607207045	RADHIKA WAREHOUSING	7489293601	gopaltradingbankhedi88@gmail.com	2391	REGISTRATION FEES
OFFER FEES	OTHERDCARD	DUI7445881	23-MAR-22	3527	Completed Successfully	3005206989	JAYPRAKASH RATHI	7354900123	jitendrarathi123@gmail.com	3527	offer fees paid
OFFER FEES	NETBANKING	DUI7446488	23-MAR-22	5977	Completed Successfully	2607207045	RADHIKA WAREHOUSING	7489293601	gopaltradingbankhedi88@gmail.com	5977	OFFER FEES
OFFER FEES	BILLDESK	DUI7446747	23-MAR-22	5160	Completed Successfully	2005207043	MEENA GARG	9893884445	shrinatraj71@gmail.com	5160	OFFER FEES
OFFER FEES	NETBANKING	DUI7447230	23-MAR-22	6150	Completed Successfully	3204205408	LEELA BAI KARADA	8959559225	girirajwarehouse2021@gmail.com	6150	
REGISTRATION FEE	SBDEBIT	DUI7446962	23-MAR-22	1918	Completed Successfully	2906207044	CHETAN PATEL	6263113929	vrindawarehouse@gmail.com	1918	REGISTRATION FEES
OFFER FEES	SBDEBIT	DUI7447105	23-MAR-22	8208	Completed Successfully	2701206973	RAJUL CHOUKSEY	8109511111	gbaghel774@gmail.com	8208	OFFER FEE
REGISTRATION FEE	OTHERDCARD	DUI7447430	23-MAR-22	2275	Completed Successfully	2601207046	NAMITA KALWANI	8014444402	kalwani.jewellers@gmail.com	2275	registration fee
OFFER FEES	SBDEBIT	DUI7447945	23-MAR-22	4794	Completed Successfully	2906207044	CHETAN PATEL	6263113929	vrindawarehouse@gmail.com	4794	offer fees
OFFER FEES	OTHERDCARD	DUI7448016	23-MAR-22	5688	Completed Successfully	2601207046	NAMITA KALWANI	8014444402	kalwani.jewellers@gmail.com	5688	OFFER FEE
OFFER FEES	NETBANKING	DUI7448250	23-MAR-22	6188	Completed Successfully	2606203859	m/s ishita warehousing corporation	9630846484	ishitawarehouse@gmail.com	6188	OFFER FEES
OFFER FEES	NETBANKING	DUI7448424	23-MAR-22	5531	Completed Successfully	3204205650	PREMLATA KARADA	9098707477	gayatriwarehouse2021@gmail.com	5531	
OFFER FEES	NETBANKING	DUI7448343	23-MAR-22	1055	Completed Successfully	2303203450	RAMESH PRASAD PANDEY	9981296164	shivampandey9165@gmail.com	1055	OFFER FEES OF GANGARAM WAREHOUSE CHANDRANAGAR DIST CHHATARPUR
REGISTRATION FEE	NETBANKING	DUI7448010	23-MAR-22	1137	Completed Successfully	2006207047	SHREE KEDARESHWAR WEARHOUSE	9893584236	PRAKASHSHARMA4272@GMAIL.COM	1137	REGIS.FEES
OFFER FEES	NETBANKING	DUI7449461	23-MAR-22	18750	Completed Successfully	2905192617	SAI KHUSHI WAREHOUSE AND AGRO SERVICES	9826485331	mayank.sai08@gmail.com	18750	offer fee payment 18750 sai khushi warehouse and agro services
OFFER FEES	OTHERDCARD	DUI7449154	23-MAR-22	1361	Completed Successfully	260818798	RAJ NARAYAN RAGHUWANSHI	9826876767	anilkumary341@gmail.com	1361	OFFER FEE
OFFER FEES	NETBANKING	DUI7449122	23-MAR-22	2841	Completed Successfully	2006207047	SHREE KEDARESHWAR WAREHOUSE	9893584236	PRAKASHSHARMA4272@GMAIL.COM	2841	OFFER FEES
REGISTRATION FEE	BILLDESK	DUI7449348	23-MAR-22	1223	Completed Successfully	2608206981	MA GEETA WAREHOUSE	9425622777	pathak.shubham11@gmail.om	1223	registration fee
OFFER FEES	OTHERDCARD	DUI7450008	23-MAR-22	5502	Completed Successfully	260118791	RAJ NARAYAN RAGHUWANSHI	9826876767	NITINGOUR08@REDIFFMAIL.COM	5502	OFFER FEE
OFFER FEES	NETBANKING	DUI7450022	23-MAR-22	2025	Completed Successfully	1904204354	VIPNAN EVAM PRAKRIYA SAHKARI SANSTHA	9926093741	marketingsociety.kpp@gmail.com	2025	OFFER FEES
OFFER FEES	OTHERDCARD	DUI7450113	23-MAR-22	3990	Completed Successfully	260118796	RAJ NARAYAN RAGHUWANSHI	9826876767	anilyadav.140@rediffmail.com	3990	OFFER FEE
REGISTRATION FEE	NETBANKING	DUI7450648	23-MAR-22	2255	Completed Successfully	2004207049	Mahendra singh Kannoje	9176689758	msk96918@gmail.com	2255.00	reg. fee
OFFER FEES	NETBANKING	DUI7451739	23-MAR-22	3198.93	Completed Successfully	pavargumanasihaji@gmail.com	anita arjun singh	9993540511	pavargumanahaji@gmail.com	3198.93	offer fees
REGISTRATION FEE	BILLDESK	DUI7452121	23-MAR-22	2302	Completed Successfully	2906207051	rukmani warehouse unit 2	8959324663	rukmaniwarehouse@gmail.com	2302	regisrtation fee of rukmani warehouse
OFFER FEES	OTHERDCARD	DUI7452151	23-MAR-22	1876	Completed Successfully	260518790	Gourav Agrawal	9425766666	gourav.vrand@rediffmail.com	1876	Offered Fee.
OFFER FEES	BILLDESK	DUI7452836	23-MAR-22	5754	Completed Successfully	2906207051	rukmani warehouse unit 2	8959324663	rukmaniwarehouse@gmail.com	5754	offer fee of rukmani warehouse unit 2
OFFER FEES	NETBANKING	DUI7453118	23-MAR-22	3697	Completed Successfully	4101181697	KITIN AGRAWAL	9424914000	kitinagrawal@gmail.com	3697	
REGISTRATION FEE	BILLDESK	DUI7453317	23-MAR-22	2310	Completed Successfully	1903207052	RAJRAJESHWARI WAREHOUSE / HARPREET KOUR	7747937355	happyfuelssjp@gmail.com	2310	REGISTRATION FEE
REGISTRATION FEE	NETBANKING	DUI7454072	23-MAR-22	735	Completed Successfully	3102192773	arun adlak	9406523987	arunadlak@gmail.com	735	
REGISTRATION FEE	OTHERDCARD	DUI7453866	23-MAR-22	2608	Completed Successfully	260518790	Gourav Agrawal	9425766666	gourav.vranda@gmail.com	2608	Reg. Fee
OFFER FEES	CREDITCARD	DUI7454409	23-MAR-22	3450	Completed Successfully	2704207053	RINA YADAV	9752052747	vickeyyadavakt@gmail.com	3450	
OFFER FEES	OTHERDCARD	DUI7454499	23-MAR-22	1769	Completed Successfully	180418385	KAILASH CHANDRA	9981734928	narendra19jun87@gmail.com	1769.00	
OFFER FEES	OTHERDCARD	DUI7455232	23-MAR-22	1952	Completed Successfully	1804204896	MAATO SHREE	9981734928	maatashreewarehouse@gmail.com	1952.00	
OFFER FEES	NETBANKING	DUI7455399	23-MAR-22	2350	Completed Successfully	2201203515	MITHUN JAT	9617533888	mithunjat.warehouse@gmail.com	2350	OFFER FEES FOR MITHUN JAT JAT SHEED GREDING AND WAREHOUSING
REGISTRATION FEE	NETBANKING	DUI7455820	23-MAR-22	1937	Completed Successfully	1802206034	patidar warehouse	9977632734	sandeeppatidar9000@gmail.com	1937	
OFFER FEES	NETBANKING	DUI7456226	23-MAR-22	4842	Completed Successfully	1802206034	patidarwarehouse	9977632734	sandeeppatidar9000@gmail.com	4842	
OFFER FEES	NETBANKING	DUI7456906	23-MAR-22	1501	Completed Successfully	1802181107	nagori warehouse	9425916144	nagoriwarehouse@gmail.com	1501	
OFFER FEES	SBDEBIT	DUI7459688	23-MAR-22	3769	Completed Successfully	2701207010	AASHA DANGI	9479908282	msdwarehouse22@gmail.com	3769	OFFER FEE
OFFER FEES	NETBANKING	DUI7459941	23-MAR-22	2160	Completed Successfully	300518334	VINOD KUMAR DHAKAR	9617222798	adarshwarehouse@gmail.com	2160	Offer Fee
REGISTRATION FEE	OTHERDCARD	DUI7461403	23-MAR-22	2459	Completed Successfully	1804207058	GUPTA  AGRO	942455556	guptaagrowh@gmail.com	2459.00	500
OFFER FEES	SBDEBIT	DUI7461503	23-MAR-22	3823	Completed Successfully	ani.pratap2006@gmail.com	ANURUDDH PRATAP SINGH	9993615480	ani.pratap2006@gmail.com	3823	
OFFER FEES	OTHERDCARD	DUI7461628	23-MAR-22	10004	Completed Successfully	190118583	SEEDS AND GRAIN INDIA PVT.LTD SANKOTA  SHAJAPUR	8305866204	rpyadav36@gmail.com	10004	SEEDS AND GRAIN INDIA PVT.LTD SANKOTA  SHAJAPUR
OFFER FEES	NETBANKING	DUI7462092	23-MAR-22	5639	Completed Successfully	2004207049	Mahendra singh Kannoje	9176689758	msk96918@gmail.com	5639.00	Offer fee
OFFER FEES	OTHERDCARD	DUI7461862	23-MAR-22	6147	Completed Successfully	1804207058	GUPTA AGRO	9424555556	guptaagrowh@gmail.com	6147.00	500
OFFER FEES	NETBANKING	DUI7462441	23-MAR-22	2062	Completed Successfully	2206192870	REKHA JAIN	9893537249	SIVANIJAIN2205@GMAIL.COM	2062	PAYMENT FOR OFFER FEES
OFFER FEES	NETBANKING	DUI7462430	23-MAR-22	11250	Completed Successfully	0502204578	SOMBIR	9466735618	diginetsanjeev10@gmail.com	11250	SHIVSHAKTI WAREHOUSE
OFFER FEES	NETBANKING	DUI7462707	23-MAR-22	5062	Completed Successfully	3005192958	ANITA CHOUDHARY	7999898234	sarthakwarehousing456@gmail.com	5062	Offer Fee
REGISTRATION FEE	NETBANKING	DUI7462710	23-MAR-22	2343	Completed Successfully	3102207055	lokesh hirani	9425361725	lokeshhirani89@gmail.com	2343	
REGISTRATION FEE	OTHERDCARD	DUI7462385	23-MAR-22	2400	Completed Successfully	2006207037	SANGEETA CHOUHAN	9993042998	RAJENDRACHOUHAN904@GMAIL.COM	2400	OK
OFFER FEES	NETBANKING	DUI7463023	23-MAR-22	5867	Completed Successfully	3102207055	lokesh hirani	9425361725	lokeshhirani89@gmail.com	5867	
OFFER FEES	NETBANKING	DUI7462861	23-MAR-22	3942	Completed Successfully	300518148	INDER SINGH CHOUDHARY	9926352581	shresthinder@gmail.com	3942	Offer Fee
REGISTRATION FEE	OTHERDCARD	DUI7463082	23-MAR-22	1200	Completed Successfully	1303207054	KIRAN BHARDWAJ	9926043031	anmolbhardwaj99@yahoo.com	1200	SHREE SANT BHUKHARDAS BABA WAREHOUSE
REGISTRATION FEE	OTHERDCARD	DUI7463152	23-MAR-22	2366	Completed Successfully	4105207059	URMILA BAI MAA DULARI WAREHOUSE	9669537071	rajput.mohan1988@gmail.com	2366	
OFFER FEES	OTHERDCARD	DUI7463451	23-MAR-22	5999	Completed Successfully	2006207037	SANGEETA CHOHAN	9993042998	RAJENDRACHOUHAN904@GMAIL.COM	5999	OK
OFFER FEES	OTHERDCARD	DUI7463535	23-MAR-22	5916	Completed Successfully	4105207059	URMILA BAI MAA DULARI WAREHOUSE	9669537071	rajput.mohan1988@gmail.com	5916	
OFFER FEES	NETBANKING	DUI7463804	23-MAR-22	2638	Completed Successfully	2301204852	JITENDRA RICHHARIYA	9826068628	jeetendrarichharia@gmail.com	2638	OFFER FEES OF SHYAM WAREHOUSE GRAM RAMPUR DHILA DIST CHHATARPUR
OFFER FEES	NETBANKING	DUI7463934	23-MAR-22	8090	Completed Successfully	050218066	SOMBIR	9466735618	diginetn@gmail.com	8090	SHIVSHAKTI WAREHOUSE
OFFER FEES	NETBANKING	DUI7464373	23-MAR-22	11250	Completed Successfully	0502204220	SOMBIR	9466735618	diginetsanjeev6@gmail.com	11250	SHIV SHAKTI WARE HOUSE
REGISTRATION FEE	NETBANKING	DUI7464525	23-MAR-22	2022	Completed Successfully	3002207060	Adarsh Gour	9630183880	adarshwarehousing2.0@gmail.com	2022	adarshwarehousing2.0
OFFER FEES	NETBANKING	DUI7465574	23-MAR-22	3321	Completed Successfully	1006193197	RAJENDRA KUMAR PATEL	9893775303	mukrohra@yahoo.com	3321	
OFFER FEES	OTHERDCARD	DUI7465369	23-MAR-22	3000	Completed Successfully	1303207054	KIRAN BHARDWAJ	9926043031	anmolbhardwaj99@yahoo.com	3000	shree sant bukhardas baba warehouse
REGISTRATION FEE	OTHERDCARD	DUI7466003	23-MAR-22	2400	Completed Successfully	2006207039	SANGEETA CHOUHAN	9993042998	RAJENDRACHOUHAN904@GMAIL.COM	2400	OK
REGISTRATION FEE	NETBANKING	DUI7466607	23-MAR-22	1241	Completed Successfully	2301207062	JITENDRA RICHHARIYA	9826068628	jeetendrarichharia@gmail.com	1241	REGISTRATION FEES OF SHYAM WAREHOUSE 2 GRAM RAMPUR DHILA TEHSIL,AND DISTRICT CHHATARPUR MP
OFFER FEES	OTHERDCARD	DUI7466656	23-MAR-22	5999	Completed Successfully	2006207039	SANGEETA CHOUHAN	9993042998	rajendrachouhan904@gmail.com	5999	ok
OFFER FEES	NETBANKING	DUI7467259	23-MAR-22	3102	Completed Successfully	2301207062	JITENDRA RICHHARIYA	9826068628	jeetendrarichharia@gmail.com	3102	OFFER FEES OF SHYAM WAREHOUSE 2 GRAM RAMPUR DHILA TEHSIL AND DISTRICT CHHATARPUR
REGISTRATION FEE	BILLDESK	DUI7467473	23-MAR-22	2252	Completed Successfully	2801207063	ABHILASHA WAREHOUSE	9039772258	abhilashawarehouse@gmail.com	2252	Registration Fee
OFFER FEES	BILLDESK	DUI7468186	23-MAR-22	5630	Completed Successfully	2801207063	ABHILASHA WAREHOUSE	9039772258	abhilashawarehouse@gmail.com	5630	OFFER FEE
OFFER FEES	NETBANKING	DUI7468697	23-MAR-22	5962	Completed Successfully	2005203489	SHREE GANGA AGRO AND WAREHOUSE	9826877709	shreegangawarehouse@gmail.com	5962	JVS OFFER FEES
OFFER FEES	NETBANKING	DUI7468938	23-MAR-22	2970	Completed Successfully	180218297	gurukrapa warehouse	9893400006	gurukripawh@gmail.com	2970	
REGISTRATION FEE	NETBANKING	DUI7469200	23-MAR-22	1686	Completed Successfully	2902207061	HARIOM KISHAN SEVA KENDRA	9993197652	hariomkishansewakendra22@gmail.com	1686	registration fees
OFFER FEES	BILLDESK	DUI7469416	23-MAR-22	562	Completed Successfully	08012505860	amrita agrawal	9926829000	vijayagrawal0734@mail.com	562	sitaram warehouseoffer fees
REGISTRATION FEE	OTHERDCARD	DUI7469672	23-MAR-22	1206	Completed Successfully	2008207064	MONIKA JAT GOLYA WAREHOUSE	6261444453	kapilgolyajat376@gmail.com	1206	
OFFER FEES	NETBANKING	DUI7469590	23-MAR-22	4216	Completed Successfully	2902207061	HARIOM KISHAN SEVA KENDRA	9993197652	hariomkishansewakendra22@gmail.com	4216	OFFER FEES
OFFER FEES	OTHERDCARD	DUI7470068	23-MAR-22	3015	Completed Successfully	2008207064	MONIKA JAT GOLYA WAREHOUSE	6261444453	kapilgolyajat376@gmail.com	3015	
OFFER FEES	NETBANKING	DUI7470324	23-MAR-22	4875	Completed Successfully	4205205277	JAI KISAN WAREHOUSE UNIT I	942515347	mkgupta74@yahoo.com	4875	JAI KISAN 1
REGISTRATION FEE	NETBANKING	DUI7471624	23-MAR-22	2288	Completed Successfully	4102207067	SHARMA WAREHOUSE	9977712221	dr.abhisharma09@gmail.com	2288	REGISTRATION FEES
REGISTRATION FEE	BILLDESK	DUI7471198	23-MAR-22	2115	Completed Successfully	1001207066	Deepti Lodhi	9993818392	aniruddhwarehousing2@gmail.com	2115	ok
REGISTRATION FEE	BILLDESK	DUI7472006	23-MAR-22	1388	Completed Successfully	2801207068	SHRI MADHAV WAREHOUSE	9893459422	shrimadhavwarehouse@gmail.com	1388	REGISTRATION FEE
OFFER FEES	NETBANKING	DUI7472312	23-MAR-22	2186	Completed Successfully	180218298	pratap singh gur	9893400006	gurudripawh1@gmail.com	2186	
OFFER FEES	BILLDESK	DUI7472185	23-MAR-22	3469	Completed Successfully	2801207068	SHRI MADHAV WAREHOUSE	9893459422	shrimadhavwarehouse@gmail.com	3469	OFFER FEES
OFFER FEES	BILLDESK	DUI7472447	23-MAR-22	5288	Completed Successfully	1001207066	Deepti Lodhi	9993818392	aniruddhwarehousing2@gmail.com	5288	Ok
OFFER FEES	NETBANKING	DUI7472647	23-MAR-22	1978	Completed Successfully	180218307	pratap singh gur	9893400006	gurugovindsingh11b@gmail.com	1978	
REGISTRATION FEE	NETBANKING	DUI7472592	23-MAR-22	1680	Completed Successfully	1903207069	deeptara logistics	9826942345	deeptaraindane@gmail.com	1680.00	ragistraion fees
REGISTRATION FEE	SBDEBIT	DUI7472794	23-MAR-22	1402	Completed Successfully	2206192914	Rohit Yadav	7354211111	abhijeet5686@gmail.com	1402	PAYMENR FOR REGISTRATION FEES
OFFER FEES	NETBANKING	DUI7473637	23-MAR-22	4174	Completed Successfully	1903207069	DEEPTARA LOGISTICS	9826942345	deeptaraindane@gmail.com	4174.00	OFFER FEES
OFFER FEES	OTHERDCARD	DUI7474013	23-MAR-22	1	Completed Successfully	2906206954	VIMLA SAHU	9893345013	SAHU.UMI.UMESH06@GMAIL.COM	1	OK
REGISTRATION FEE	OTHERDCARD	DUI7474460	23-MAR-22	2227	Completed Successfully	3008207050	ASHWIN WAREHOUSE	9425784207	ashwinwarehouse@gmail.com	2227	REG FEE
OFFER FEES	OTHERDCARD	DUI7474566	23-MAR-22	5568	Completed Successfully	3008207050	ASHWIN WAREHOUSE	9425784207	ashwinwarehouse@gmail.com	5568	OFFER FEE
REGISTRATION FEE	SBDEBIT	DUI7474968	23-MAR-22	2227	Completed Successfully	2708207073	UPASHNA DANGI	8982897021	chandu.thakur83@gmail.com	2227	REGISTRATION FEE
OFFER FEES	OTHERDCARD	DUI7475289	23-MAR-22	2250	Completed Successfully	2004206653	INDERMAL PATIDAR	9993021700	indergothi@gmail.com	2250	OFFER FEES
OFFER FEES	BILLDESK	DUI7475660	23-MAR-22	5670	Completed Successfully	2801205209	gyanvi logistics	8959999338	akash_skyline@yahoo.co.in	5670	offer fee of gyanvi logistics
REGISTRATION FEE	SBDEBIT	DUI7476255	23-MAR-22	2275	Completed Successfully	0805207074	Sanjay Soni	9425055550	shreesoniwarehouse@gmail.com	2275	Registration Fees
REGISTRATION FEE	BILLDESK	DUI7476571	23-MAR-22	2302	Completed Successfully	2801207076	MAHAVEER WAREHOUSE	9425896150	mahaveerwarehouse22@gmail.com	2302	REGISTRATION FEES
REGISTRATION FEE	SBDEBIT	DUI7477036	23-MAR-22	2126	Completed Successfully	2201207071	DHIRAJ WAREHOUSE PVT LTD	8839604445	bherusinghpatel1585@gmail.com	2126	Registration fee
OFFER FEES	SBDEBIT	DUI7477443	23-MAR-22	5765	Completed Successfully	2606205064	Sourabh Goydani	8827451444	samriddhi.agr.serv@gmail.com	5765	offer fees
OFFER FEES	SBDEBIT	DUI7477454	23-MAR-22	1772	Completed Successfully	2201204723	dhiraj warehouse private limited	8839604445	AWADHESHRATHORE1994@GMAIL.COM	1772	OFFER FEE
OFFER FEES	BILLDESK	DUI7477246	23-MAR-22	5625	Completed Successfully	3001205023	prime logistic	9826059118	caharipatidar@gmail.com	5625	offer fee of prime logistics
OFFER FEES	BILLDESK	DUI7477500	23-MAR-22	5756	Completed Successfully	2801207076	MAHAVEER WAREHOUSE	9425896150	mahaveerwarehouse22@gmail.com	5756	OFFER FEES
OFFER FEES	SBDEBIT	DUI7477766	23-MAR-22	5687	Completed Successfully	0805207074	Sanjay Soni	9425055550	shreesoniwarehouse@gmail.com	5687	Offer Fees
REGISTRATION FEE	CREDITCARD	DUI7480663	23-MAR-22	1678	Completed Successfully	2705207077	AMAR SINGH	9098234344	amarsinghkurmi399@gmail.com	1678	
OFFER FEES	CREDITCARD	DUI7480795	23-MAR-22	4195	Completed Successfully	2705207077	AMAR SINGH KURMI	9098234344	amarsinghkurmi399@gmail.com	4195	
OFFER FEES	OTHERDCARD	DUI7482197	23-MAR-22	6769	Completed Successfully	5103204763	SITA MOTI AGRO WARE HOUSE	9425318977	sitamotiagro2021@gmail.com	6769	mrs somya agrawal
OFFER FEES	SBDEBIT	DUI7483117	23-MAR-22	13131	Completed Successfully	2701206135	PREETI PATEL	9425015550	chairperson@patelcollege.com	13131	OFFER FEES
OFFER FEES	SBDEBIT	DUI7482376	23-MAR-22	8967	Completed Successfully	2701206136	ESHAA PATEL	9425014623	prochancellor@mpu.ac.in	8967	OFFER FEES
OFFER FEES	NETBANKING	DUI7483442	23-MAR-22	5589	Completed Successfully	3404204228	Smt Garima Soni	9977383523	priyank09soni@gmail.com	5589	2022-23 oFFER fOR M/S SHARDA WAREHOUSING
OFFER FEES	CREDITCARD	DUI7483654	23-MAR-22	1942	Completed Successfully	2706207079	JITENDRA SINGH JADON	9754528270	jadonjitendra48@gmail.com	1942	
REGISTRATION FEE	NETBANKING	DUI7483852	23-MAR-22	2693	Completed Successfully	2701207078	Arvind patidar	9993959084	girdharwarehouse2@gmail.com	2693.00	registration fees paid(Girdhar warehouse)
OFFER FEES	SBDEBIT	DUI7483746	23-MAR-22	9895	Completed Successfully	2701206134	AJIT SINGH PATEL	9425014623	ajitpgoi@gmail.com	9895	OFFER FEES
OFFER FEES	CREDITCARD	DUI7484234	23-MAR-22	4856	Completed Successfully	2706207079	JITENDRA SINGH JADON	9754528270	jadonjitendra48@gmail.com	4856	
OFFER FEES	NETBANKING	DUI7484457	23-MAR-22	6734	Completed Successfully	2701207078	Arvind patidar	9993959084	girdharwarehouse2@gmail.com	6734.00	Offer fees paid(Girdhar warehouse)
OFFER FEES	OTHERDCARD	DUI7484778	23-MAR-22	3726	Completed Successfully	3006205045	rohit jain	9406565527	rohitjain2329@gmail.com	3726	offer feesh
REGISTRATION FEE	BILLDESK	DUI7485049	23-MAR-22	2249	Completed Successfully	2801207081	kartik warehouse	9713318687	kartikwarehouse@gmail.com	2249	registration fee of kartik warehouse
REGISTRATION FEE	OTHERDCARD	DUI7485086	23-MAR-22	2265	Completed Successfully	3007207080	Surya Pratap Chouhan	9630775455	suryapratapchouhan4@gmail.com	2265	
REGISTRATION FEE	CREDITCARD	DUI7485497	23-MAR-22	2250	Completed Successfully	2701207083	NARAYANI BAI	9981025762	baghel.hemraj@gmail.com	2250	
REGISTRATION FEE	NETBANKING	DUI7485806	23-MAR-22	1400	Completed Successfully	0601207082	Manju Agrawal	9421612420	spagrawal4661@gmail.com	1400	Registration Fees for warehouse
OFFER FEES	NETBANKING	DUI7485516	23-MAR-22	5653	Completed Successfully	2801205392	VISHNU KHATRI	9425005041	vishnukhatri149@gmail.com	5653	
OFFER FEES	CREDITCARD	DUI7486219	23-MAR-22	5625	Completed Successfully	2701207083	NARAYANI BAI	9981025762	baghel.hemraj@gmail.com	5625	
OFFER FEES	BILLDESK	DUI7486020	23-MAR-22	5622	Completed Successfully	2801207081	kartik warehouse	9713318687	kartikwarehouse@gmail.com	5622	offer fee of kartik warehouse
OFFER FEES	NETBANKING	DUI7486979	23-MAR-22	3499	Completed Successfully	0601207082	Manju Agrawal	9421612420	spagrawal4661@gmail.com	3499	Manju Agrawal warehouse Offer fees
OFFER FEES	NETBANKING	DUI7487211	23-MAR-22	3825	Completed Successfully	2604203491	JAYANTI SEEDS AND WAREHOUSE	9584857896	agrawal9109@gmail.com	3825	offer fees
REGISTRATION FEE	NETBANKING	DUI7487621	23-MAR-22	522	Completed Successfully	4101207084	TANVEER KHAN	9826813820	saraindiavizag@yahoo.com	522	
REGISTRATION FEE	NETBANKING	DUI7487594	23-MAR-22	2310	Completed Successfully	2707207057	pradeep singh baghel	9754219615	pradeepbaghel433@gmail.com	2310.00	registration fees paid(maa ambe warehouse)
REGISTRATION FEE	OTHERDCARD	DUI7487888	23-MAR-22	1800	Completed Successfully	2904207048	KANTI PAL	9229480365	RAJESHPAL1873@GMAIL.COM	1800	OK
OFFER FEES	OTHERDCARD	DUI7488335	23-MAR-22	4500	Completed Successfully	2904207048	KANTI PAL	9229480365	RAJESHPAL1873@GMAIL.COM	4500	OK
OFFER FEES	NETBANKING	DUI7488395	23-MAR-22	5775	Completed Successfully	2707207057	pradeep singh baghel	9754219615	pradeepbaghel433@gmail.com	5775.00	offer fee paid(maa ambe warehouse)
REGISTRATION FEE	OTHERDCARD	DUI7489286	23-MAR-22	2288	Completed Successfully	2904207042	SEEMA MALVIYA	8225050660	malviyaindustries409@gmail.com	2288	OK
REGISTRATION FEE	NETBANKING	DUI7489619	23-MAR-22	1307	Completed Successfully	3005207085	PRAGYA SHARMA	8982720652	shriramwarehousing4455@gmail.com	1307	Registration Fee
OFFER FEES	OTHERDCARD	DUI7489637	23-MAR-22	5719	Completed Successfully	2904207042	SEEMA MALVIYA	8225050660	malviyaindustries409@gmail.com	5719	OK
OFFER FEES	NETBANKING	DUI7490147	23-MAR-22	3267	Completed Successfully	3005207085	PRAGYA SHARMA	8982720652	shriramwarehousing4455@gmail.com	3267	Offer Fee
REGISTRATION FEE	BILLDESK	DUI7490321	23-MAR-22	1410	Completed Successfully	0601207086	Vinod Bindal	9977034223	vindobindal3@gmail.com	1410	Bindal warehouse registration fees
OFFER FEES	BILLDESK	DUI7490503	23-MAR-22	5685	Completed Successfully	2801205943	SAROJ WAREHOUSE	9425678019	sarojwarehouse@gmail.com	5685	OFFER FEES
OFFER FEES	BILLDESK	DUI7490733	23-MAR-22	5564	Completed Successfully	2801204803	ARTI WAREHOUSE	8889344442	artiwarehouse01@gmail.com	5564	OFFER FEES
OFFER FEES	BILLDESK	DUI7491355	23-MAR-22	3524	Completed Successfully	0601207086	Vinod Bindal	9977034223	vinodbindal3@gmail.com	3524	Bindal Warehouse offer fees
OFFER FEES	NETBANKING	DUI7491985	23-MAR-22	8006	Completed Successfully	1605193219	BALJEET SINGH NARANG	9406601502	harjeet.narang@rediffmail.com	8006.00	Godwon is fit
REGISTRATION FEE	NETBANKING	DUI7492447	23-MAR-22	823	Completed Successfully	2904207088	HEMANT DEVI	9098288708	tiwari.vikram1980@gmail.com	823	fee
OFFER FEES	NETBANKING	DUI7492881	23-MAR-22	2058	Completed Successfully	2904207088	HEMANT DEVI	9098288708	tiwari.vikram1980@gmail.com	2058	fee
REGISTRATION FEE	NETBANKING	DUI7493469	23-MAR-22	739	Completed Successfully	0802207089	Chandrashekhar patidar	9926465415	darshnapatidar749@gmail.com	739	registration fee
REGISTRATION FEE	OTHERDCARD	DUI7494061	23-MAR-22	1609	Completed Successfully	0801207090	shrimati urmila patel	9826880980	urmilapatel2509@gamil.com	1609	registation fees
OFFER FEES	NETBANKING	DUI7494506	23-MAR-22	1197	Completed Successfully	2001205674	ANIL KUMAR DUBEY	9993983193	unnatsansthabarotha1@gmail.com	1197	OFFER FEES
OFFER FEES	OTHERDCARD	DUI7494813	23-MAR-22	4021	Completed Successfully	0801207090	shrimati urmila patel	9826880980	urmilapatel2509@gmail.com	4021	OFFER FEES
REGISTRATION FEE	BILLDESK	DUI7495813	23-MAR-22	2234	Completed Successfully	2903207091	maa sharda warehouse	9200205651	warehousemaasharda@gmail.com	2234	registration fee of maa sharda warehouse
OFFER FEES	BILLDESK	DUI7495483	23-MAR-22	2042	Completed Successfully	4105181331	Akhilesh Kumar Agrawal	9926740738	ankush.agrawal28@gmail.com	2042	Offer Fees
OFFER FEES	BILLDESK	DUI7496033	23-MAR-22	5585	Completed Successfully	2903207091	maa sharda warehouse	9200205651	warehousemaasharda@gmail.com	5585	offer fee of maa sharda warehouse
OFFER FEES	BILLDESK	DUI7495621	23-MAR-22	4317	Completed Successfully	2008203686	Nidhi Holani	9617096171	nidhiholani@gmail.com	4317	
REGISTRATION FEE	CREDITCARD	DUI7496177	23-MAR-22	2214	Completed Successfully	2701207092	RAHUL BHARGAVA	9425431613	rahulbhargava0944@gmail.com	2214	
OFFER FEES	CREDITCARD	DUI7496881	23-MAR-22	5535	Completed Successfully	2701207092	RAHUL BHARGAVA	9425431613	rahulbhargava0944@gmail.com	5535	
REGISTRATION FEE	NETBANKING	DUI7497099	23-MAR-22	827	Completed Successfully	0301207093	JITENDRA KUMAR KHARE	9584168550	jkhare247@gmail.com	827.00	Summitd.
OFFER FEES	NETBANKING	DUI7497200	23-MAR-22	5754	Completed Successfully	2707206892	BALVEER SINGH BAGHEL	9977540574	singhbaghel03@rediffmail.com	5754	village Rusallisahu
OFFER FEES	NETBANKING	DUI7497229	23-MAR-22	2067	Completed Successfully	0301207093	JITENDRA KUMAR KHARE	9584168550	jkhare247@gmail.com	2067.00	Summited.
REGISTRATION FEE	NETBANKING	DUI7499536	23-MAR-22	2288	Completed Successfully	2907207094	PISTA DANGI	9981217596	radhepremwarehouse@gmail.com	2288	FEE
OFFER FEES	NETBANKING	DUI7499659	23-MAR-22	5719	Completed Successfully	2907207094	PISTA DANGI	9981217596	radhepremwarehouse@gmail.com	5719	fee
REGISTRATION FEE	NETBANKING	DUI7500046	23-MAR-22	4022	Completed Successfully	2004207087	YAGYESH RATHI	9009525222	yagy12345@gmail.com	4022	MANKAMAL WAREHOUSE
OFFER FEES	NETBANKING	DUI7500111	23-MAR-22	10054	Completed Successfully	2004207087	YAGYESH RATHI	9009525222	yagy12345@gmail.com	10054	MANKAMAL WAREHOUSE
OFFER FEES	BILLDESK	DUI7501906	23-MAR-22	5344	Completed Successfully	3001204787	LAXMIDEVI WAREHOUSING	9406952600	VIPULAGRORAISEN@GMAIL.COM	5344	JVS



