Start Date	24/05/2025
End Date	24/05/2025

Category Name	Payment Mode	Bank Reference No	Transaction Date	Amount	Status	REGISTRATION ID	NAME OF DEPOSITOR	CONTACT NO.	EMAIL ID	FEE	Remarks
REGISTRATION FEE	NETBANKING	DUO1086142	24-MAY-25	1444	Completed Successfully	4503208017	DEEKSHA GUPTA	8959232823	ankitguptamanpur11@gmail.com	1444	Registration fee
OFFER FEES	BILLDESK	DUO1091342	24-MAY-25	5280	Completed Successfully	1904204867	Laxmi patidar	9826522603	anuragptdr@gmail.com	5280	Warehouse registration fees
REGISTRATION FEE	NETBANKING	DUO1096627	24-MAY-25	1318	Completed Successfully	2001208717	PAVITRA CHAUDHRI	9009007696	shubhamc6244@gmail.com	1318	MAA BHAGWATI WAREHOUSE REGISTRATION FEES



