Start Date	25/12/2025
End Date	28/12/2025

Category Name	Payment Mode	Bank Reference No	Transaction Date	Amount	Status	REGISTRATION ID	NAME OF DEPOSITOR	CONTACT NO.	EMAIL ID	FEE	Remarks
REGISTRATION FEE	NETBANKING	DUO9891423	25-DEC-25	2700	Completed Successfully	2606181064	SHRI CHETAINYA AGRO SERVCES	9425475384	sodaniraju@gmail.com	2700	REGISTRAION FEE
REGISTRATION FEE	NETBANKING	DUO9895464	25-DEC-25	2025	Completed Successfully	4207207997	USHA  ANANDI WAREHOUSE	7566191919	sajal.rai2939@gmail.com	2025	reg renewal
OFFER FEES	NETBANKING	DUO9896652	25-DEC-25	3305	Completed Successfully	1102207033	Mukta Sisodiya	8319394501	muktawh@gmail.com	3305	Offer
OFFER FEES	NETBANKING	DUO9902077	25-DEC-25	4763	Completed Successfully	3404208441	RENUKA LUNAWAT	9425168853	arihantwarehouse2021@gmail.com	4763	OFFER FEES
REGISTRATION FEE	OTHERDCARD	DUO9902329	25-DEC-25	1811	Completed Successfully	2605207384	SUNITA JAJU	8962281760	ramwarehousekaranpur@gmail.com	1811	REG FEE
OFFER FEES	OTHERDCARD	DUO9905194	25-DEC-25	6328	Completed Successfully	2501205435	Beena john	9399628133	johnrohan18@gmail.com	6328	
REGISTRATION FEE	NETBANKING	DUO9919737	26-DEC-25	1125	Completed Successfully	1201209831	PRABHAT KUMAR GUPTA	7024156130	vbpl_stn@gmail.com	1125.00	
OFFER FEES	OTHERDCARD	DUO9923869	26-DEC-25	6040	Completed Successfully	2501207664	Pradumn Singh	7772003131	kachwahwarehousing@gmail.com	6040	offer fee
REGISTRATION FEE	NETBANKING	DUO9930439	26-DEC-25	864	Completed Successfully	1209209832	Tomar Corporation UNIT 2	9981389959	ashishdwivedi12345@gmail.com	864	fee
OFFER FEES	NETBANKING	DUO9930517	26-DEC-25	2160	Completed Successfully	1209209832	Tomar Corporation UNIT 2	9981389959	ashishdwivedi12345@gmail.com	2160	fee
REGISTRATION FEE	NETBANKING	DUO9933302	26-DEC-25	1580	Completed Successfully	3307207275	Poornima Shukla	9301460927	uavuvision@gmail.com	1580	Registraton Renwal
OFFER FEES	SBDEBIT	DUO9939690	26-DEC-25	2812	Completed Successfully	1201209831	MPSCSC	7024156130	vvpl_sta@rediffmail.com	2812	
OFFER FEES	NETBANKING	DUO9942753	26-DEC-25	5985	Completed Successfully	1202208460	Hemlata Warehouse	9981389959	ashishdwivedi12345@gmail.com	5985	fee
OFFER FEES	NETBANKING	DUO9943483	26-DEC-25	2812.5	Completed Successfully	3504181736	Vivek Sharma	9425163966	vickey24@yahoo.com	2812.50	
OFFER FEES	NETBANKING	DUO9958465	27-DEC-25	6188	Completed Successfully	1201206301	Mandakini Singh Warehouse	9981389959	ashishdwivedi12345@gmail.com	6188	fee
OFFER FEES	NETBANKING	DUO9974636	27-DEC-25	5701	Completed Successfully	3704182581	SHYAMA CHOUDHARY	8225844444	shyamachoudhary6666@gmail.com	5701	OFFER FEES
OFFER FEES	NETBANKING	DUP0004554	28-DEC-25	2756	Completed Successfully	3701207845	Pallavi Jain	8827991177	naman7464@gmail.com	2756	Offer Fees By Shahrukh



