Start Date	26-03-2021										
End Date	26-03-2021										
											
Category Name	Payment Mode	Bank Reference No	Transaction Date	Amount	Status	REGISTRATION ID	NAME OF DEPOSITOR	CONTACT NO.	EMAIL ID	FEE	Remarks
OFFER FEES	NETBANKING	DUE6295504	26-Mar-21	3669	Completed Successfully	502205423	MARUTI NANDAN WAREHOUSEINGANDLOGISTICS COMPANY	9827221195	ic.ramtr@gmail.com	3669	OFFER FEES
OFFER FEES	OTHERDCARD	DUE6296334	26-Mar-21	1242	Completed Successfully	1803205256	PRADHAN SINGH	9009984477	veerbalajiks@gmail.com	1242	BALAJI WAREHOUSE
REGISTRATION FEE	NETBANKING	DUE6297303	26-Mar-21	8645	Completed Successfully	1403181716	Sky Line Agro Pvt LTD	8109000841	sky.jbp@gmail.com	8645	Ragistration Renwal
OFFER FEES	BILLDESK	DUE6297585	26-Mar-21	5537	Completed Successfully	2501205461	shri brijnandan warehouse	9617504111	gyanu123@gmail.com	5537	rewa
OFFER FEES	BILLDESK	DUE6297610	26-Mar-21	2242	Completed Successfully	3605181583	SHRI NARMADA WAREHOUSE	7974372690	narmadawarehouse261@gmail.com	2242	
REGISTRATION FEE	NETBANKING	DUE6297454	26-Mar-21	798	Completed Successfully	1901205492	MAHADEV WAREHOUSE	9425921833	rajendra.shajapur@gmail.com	798	registration fee
REGISTRATION FEE	BILLDESK	DUE6298049	26-Mar-21	3618	Completed Successfully	1202181303	Atul Singh Parihar	9893599210	vaibhavlaxmi003@gmail.com	3618	
OFFER FEES	NETBANKING	DUE6298195	26-Mar-21	1994	Completed Successfully	1901205462	MAHADEV WAREHOUSE	9425921833	rajendra.shajapur@gmail.com	1994	OFFER FEE
REGISTRATION FEE	NETBANKING	DUE6298264	26-Mar-21	2230	Completed Successfully	350218648	Smt Pushpa Bajpai	9926393261	nishant22mib@gmail.com	2230	registraton renewal
REGISTRATION FEE	NETBANKING	DUE6299065	26-Mar-21	730	Completed Successfully	10118089	MAA SHARDA WEAR HOUSE	9425127060	cdscoldbhind@gmail.com	730	REGISTRATION FEE
OFFER FEES	BILLDESK	DUE6299387	26-Mar-21	2268	Completed Successfully	2801205463	SEETA BAI	9575957583	umedjat95@gmail.com	2268	OFFER FEES
REGISTRATION FEE	OTHERDCARD	DUE6299167	26-Mar-21	484	Completed Successfully	1803205240	JASPAL SINGH SOLANKI	9009124024	jaspalsinghsolanki195@gmail.com	484	JAY SHREE BALAJI WAREHOUSE
REGISTRATION FEE	NETBANKING	DUE6299201	26-Mar-21	3750	Completed Successfully	3203205464	Priya Sahu	9009625900	priya260189@gmail.com	3750	Registration Fees
OFFER FEES	OTHERDCARD	DUE6299265	26-Mar-21	1209	Completed Successfully	1803205240	JASPAL SINGH SOLANKI	9009124024	jaspalsinghsolanki195@gmail.com	1209	JAY SHREE BALAJI WAREHOUSE
OFFER FEES	NETBANKING	DUE6299509	26-Mar-21	9375	Completed Successfully	3203205464	Priya Sahu	9009625900	priya260189@gmail.com	9375	Offer Fees
OFFER FEES	BILLDESK	DUE6299296	26-Mar-21	5670	Completed Successfully	2801205463	SEETA BAI	9575957583	umedjat95@gmail.com	5670	OFFER FEES
REGISTRATION FEE	SBDEBIT	DUE6300977	26-Mar-21	450	Completed Successfully	3101205420	ramesh dothe	8770538707	rameshdhote@gmail.com	450	
OFFER FEES	SBDEBIT	DUE6301051	26-Mar-21	1125	Completed Successfully	3101205420	ramesh dhote	8770538707	rameshdhote@gmail.com	1125	
REGISTRATION FEE	NETBANKING	DUE6301313	26-Mar-21	998	Completed Successfully	703205467	Shanti Gupta	9451168883	shanti1gupta1955@gmail.com	998	Registration Fee
OFFER FEES	OTHERDCARD	DUE6301465	26-Mar-21	1014	Completed Successfully	1803203572	SHREE BALAJI WH	9009049187	veerbalajiks41@gmail.com	1014	500
REGISTRATION FEE	NETBANKING	DUE6302397	26-Mar-21	2214	Completed Successfully	2905205465	NEETU PATIDAR	9826947451	brahmanandpatidar44@gmail.com	2214	registration fee
REGISTRATION FEE	SBDEBIT	DUE6302395	26-Mar-21	2234	Completed Successfully	4102205469	S R WAREHOUSE	9425044197	shahsanjay08@gmail.com	2234	
REGISTRATION FEE	CREDITCARD	DUE6302383	26-Mar-21	1822	Completed Successfully	2701181085	KAPIL WAREHOUSING COMPANY	9425148532	kapilg_kumar87@yahoo.com	1822	For Registration fee OF Mp warehouse 
OFFER FEES	NETBANKING	DUE6302538	26-Mar-21	5535	Completed Successfully	2905205465	NEETU PATIDAR	9826947451	brahmanandpatidar44@gmail.com	5535	OFFER FEES
OFFER FEES	NETBANKING	DUE6302562	26-Mar-21	2494	Completed Successfully	703205467	Shanti Gupta	9451168883	shanti1gupta1955@gmail.com	2494	Offer Fee
OFFER FEES	SBDEBIT	DUE6302503	26-Mar-21	5586	Completed Successfully	4102205469	S R WAREHOUSE	9425044197	shahsanjay08@gmail.com	5586	
REGISTRATION FEE	NETBANKING	DUE6302618	26-Mar-21	1590	Completed Successfully	330618891	Mradul Kumar Dubey	7772822646	maanarmadagradingunit@gmail.cm	1590	Registrtaion Renwal
OFFER FEES	NETBANKING	DUE6303546	26-Mar-21	2175	Completed Successfully	3306205343	ARYAVEER AGRO 2	8109281092	rohit.1988.rj58@gmail.com	2175	
