Start Date	29/03/2022
End Date	29/03/2022

Category Name	Payment Mode	Bank Reference No	Transaction Date	Amount	Status	REGISTRATION ID	NAME OF DEPOSITOR	CONTACT NO.	EMAIL ID	FEE	Remarks
OFFER FEES	OTHERDCARD	DUI7779224	29-MAR-22	5575	Completed Successfully	2901204909	Annapurna Warehouse bilkisganj	9826931919	annapurnawarehousebilkisganj@gmial.com	5575	ok
OFFER FEES	OTHERDCARD	DUI7779703	29-MAR-22	5801	Completed Successfully	3004207262	MUNAVVAR KHAN	9827391027	mmpatel797@gmail.com	5801	OFFER FEES
OFFER FEES	NETBANKING	DUI7785201	29-MAR-22	10110	Completed Successfully	0801205061	Shree Mangal Murtee Tradex Pvt Ltd	9926295400	girish.sanika@gmail.com	10110	Offier Fees
OFFER FEES	CREDITCARD	DUI7786764	29-MAR-22	3100	Completed Successfully	2602181410	GREEN HUB	9425040069	goelandgoel@rediffmail.com	3100	
OFFER FEES	CREDITCARD	DUI7787545	29-MAR-22	6100	Completed Successfully	2602204902	Simran industries	9425040069	goelandgoel@rediffmail.com	6100	
REGISTRATION FEE	NETBANKING	DUI7787760	29-MAR-22	1069	Completed Successfully	3106207280	yaspal pattaiya	6268846956	anildhakad474@gmail.com	1069	REGISTRATION FEES
OFFER FEES	BILLDESK	DUI7788353	29-MAR-22	5616	Completed Successfully	3006204872	Mahakal Warehousing	6264000046	mahakalwarehousing@gmail.com	5616	
REGISTRATION FEE	SBDEBIT	DUI7792412	29-MAR-22	919	Completed Successfully	2603192792	AMAR SINGH RAJPUT	9589282665	amarsinghrajput7227@gmail.com	919	Registration fee
OFFER FEES	NETBANKING	DUI7793143	29-MAR-22	5941	Completed Successfully	4102207202	ASHIRWAD WAREHOUSE	9424816429	ashirwadwarehouse29@gmail.com	5941	offer fees
REGISTRATION FEE	NETBANKING	DUI7793110	29-MAR-22	4860	Completed Successfully	4602207283	VIKRAMADITYA AGRO CORPORATION	9009625900	mahesvita09agro@gmail.com	4860	VIKRAMADITYA AGRO CORPORATION
OFFER FEES	NETBANKING	DUI7793309	29-MAR-22	12150	Completed Successfully	4602207283	VIKRAMADITYA AGRO CORPORATION	9009625900	mahesvita09agro@gmail.com	12150	VIKRAMADITYA AGRO CORPORATION
OFFER FEES	NETBANKING	DUI7793851	29-MAR-22	5634	Completed Successfully	0606207214	STOCK UP WAREHOUSE PRO RADHIKA PATIL	9753569000	devpatil.dp@gmail.com	5634	OFFERING FEE
OFFER FEES	SBDEBIT	DUI7794473	29-MAR-22	6300	Completed Successfully	290418948	AJAY SAHU	9893389139	AJAYSAHU239@GMAIL.COM	6300	OFFER FEES
OFFER FEES	NETBANKING	DUI7794174	29-MAR-22	1874	Completed Successfully	2605207172	BABITA VARANDANI	9425476956	4rajeshvarandani@gmail.com	1874	OFFER FEE FOR KRISHNA WAREHOUSING (UNIT 3)
OFFER FEES	BILLDESK	DUI7794312	29-MAR-22	5200	Completed Successfully	1901207278	PREMLATA SINGH SIKARWAR	9424404444	sikarwarwarehouses@gmail.com	5200	JVS SCHEME OFFER FEES
OFFER FEES	SBDEBIT	DUI7794872	29-MAR-22	6579	Completed Successfully	2904204304	ajay kumar sahu	9826344488	siddhivinayakwarehouse239@gmail.com	6579	offer fees
OFFER FEES	SBDEBIT	DUI7795084	29-MAR-22	3840	Completed Successfully	2904204306	ajay kumar sahu	9893025984	sahuroshni1304@gmail.com	3840	offer fees
OFFER FEES	NETBANKING	DUI7795247	29-MAR-22	5062	Completed Successfully	3305181231	PRAKHAR AGRO PARK DHANAGWA PRO  MANOJ ASATI	9424462448	prakheragropark@gmail.com	5062	offer fees
OFFER FEES	NETBANKING	DUI7798264	29-MAR-22	2191	Completed Successfully	shekhar789smailbox@rediffmail.com	prakash chand jain	9425479400	shekhar789smailbox@rediffmail.com	2191	fees
OFFER FEES	NETBANKING	DUI7799130	29-MAR-22	1407	Completed Successfully	mahaveerseeds2016@gmaol.com	prakashchand jain	9425060461	mahaveerseeds2016@gmail.com	1407	fees
OFFER FEES	NETBANKING	DUI7799479	29-MAR-22	1509	Completed Successfully	1001207221	Pankaj KumarJain	9981805055	pankajjain9981805055@gmail.com	1509	Offer Fee
OFFER FEES	NETBANKING	DUI7800067	29-MAR-22	3197	Completed Successfully	3404205073	JAISWAL WAREHOUSE	9144689999	JAISWAL.SHUBHAM.J@GMAIL.COM	3197	OFFER FEES
OFFER FEES	CREDITCARD	DUI7800498	29-MAR-22	4261	Completed Successfully	0601193251	RUCHI INFRASTRUCTURE LTD	9630091825	yogesh_purohit@ruchiinfrastructure.com	4261	0601193251
OFFER FEES	OTHERDCARD	DUI7801288	29-MAR-22	1000	Completed Successfully	1804192995	ANAD WH	9893014412	anadkuwarsisodiya@gmail.com	1000.00	500
REGISTRATION FEE	OTHERDCARD	DUI7800933	29-MAR-22	2532	Completed Successfully	1804207267	SAMARPIT WH	9977036497	samarpitwarehouse@gmail.com	2532.00	500
OFFER FEES	OTHERDCARD	DUI7800974	29-MAR-22	6331	Completed Successfully	1804207267	SAMARPIT WH	9977036497	samarpitwarehouse@gmail.com	6331.00	500
OFFER FEES	NETBANKING	DUI7801557	29-MAR-22	2498	Completed Successfully	mahendra	Mahendra Panwar	9754169027	mhndrsngh.panwar@gmail.com	2498	
REGISTRATION FEE	NETBANKING	DUI7802320	29-MAR-22	900	Completed Successfully	180418971	shyamu bai	9981807594	ramwarehouse@gmail.com	900	SHREE RAM  BAA WAREHOUSE
OFFER FEES	BILLDESK	DUI7803980	29-MAR-22	2012	Completed Successfully	100118286	pooja rajoriya	9826062222	nitin38@gmail.com	2012	JVS2022-23 OFFER FEES FOR SHREE TRIVENI AGRO SERVICES WAREHOUSE BRANCH DEORI SAGAR M.P
OFFER FEES	NETBANKING	DUI7804812	29-MAR-22	1358	Completed Successfully	1301204955	JAI AGRASEN AGROTECH	9424585661	AGROTECH.JA@GMAIL.COM	1358	OFFER FEE
REGISTRATION FEE	OTHERDCARD	DUI7804766	29-MAR-22	2237	Completed Successfully	2601207284	SAVITA RAGHUWANSHI	9826663842	pradeep.raghu1@gmail.com	2237	REGISTRATION
OFFER FEES	SBDEBIT	DUI7805310	29-MAR-22	1860	Completed Successfully	2603207218	YOGESH PANDAY	9826019910	pandaywarehouse1961@gmail.com	1860	Offer Fees
OFFER FEES	OTHERDCARD	DUI7805377	29-MAR-22	5593	Completed Successfully	2601207284	SAVITA RAGHUWANSHI	9826663842	pradeep.raghu1@gmail.com	5593	OFFER FEE
OFFER FEES	NETBANKING	DUI7805621	29-MAR-22	8438	Completed Successfully	2907206626	SIYA BAI	9516944700	siyabai01011978@gmail.com	8438	fee
OFFER FEES	CREDITCARD	DUI7805928	29-MAR-22	4652	Completed Successfully	0903204121	UMA PATHAK	9425167688	nikhil26pathak@gmail.com	4652	4652
OFFER FEES	BILLDESK	DUI7806056	29-MAR-22	5749	Completed Successfully	3005207097	Hemwati kirar	7000219754	pavanpatel1610@gmail.com	5749	Offer fee
REGISTRATION FEE	NETBANKING	DUI7806489	29-MAR-22	1238	Completed Successfully	3502192842	mahendra pamnani	9425163523	mahendrapamn@gmail.com	1238	
OFFER FEES	OTHERDCARD	DUI7806293	29-MAR-22	5433	Completed Successfully	2907205671	VENKTESH WAREHOUSE	9425300116	drnirajkumar61@gmail.com	5433	Offer fee
OFFER FEES	CREDITCARD	DUI7806587	29-MAR-22	5554	Completed Successfully	0903204105	SUMAN PATHAK	9425167688	ramautarpathak@gmail.com	5554	5554
OFFER FEES	NETBANKING	DUI7807742	29-MAR-22	5002	Completed Successfully	3502204589	mahendra pamnani	9425163523	mahendrapamn3@gmail.com	5002	
REGISTRATION FEE	OTHERDCARD	DUI7807850	29-MAR-22	2243	Completed Successfully	2601207287	JAGDAMBA WAREHOUSE	9165933115	jitendrabhati4466@gmail.com	2243	REGISTRATION FEE
OFFER FEES	NETBANKING	DUI7808477	29-MAR-22	3300	Completed Successfully	3502181190	mahendra pamnani	9425163523	surendrapam@gmail.com	3300	
OFFER FEES	SBDEBIT	DUI7808889	29-MAR-22	1641	Completed Successfully	3405205439	RASIK BIHARI TIWARI	9425469391	rasiktiwari08875@gmail.com	1641.00	offer fees
REGISTRATION FEE	NETBANKING	DUI7808968	29-MAR-22	1980	Completed Successfully	3306207289	Mithlesh Soni	9424915252	namoagromarketing@gmail.com	1980	Reg no. - Namo Agro Marketing
REGISTRATION FEE	NETBANKING	DUI7809614	29-MAR-22	1465	Completed Successfully	3305207290	ABHILASHA MISHRA	9425154224	mtssihora@gmail.com	1465	offer fees
OFFER FEES	NETBANKING	DUI7809516	29-MAR-22	4950	Completed Successfully	3306207289	Mithlesh Soni	9424915252	namoagromarketing@gmail.com	4950	offer - Namo Agro Marketing
OFFER FEES	NETBANKING	DUI7809731	29-MAR-22	3663	Completed Successfully	3305207290	3305207290	9425154224	mtssihora@gmail.com	3663	registration fees
REGISTRATION FEE	SBDEBIT	DUI7810427	29-MAR-22	2322	Completed Successfully	3008207288	Sumit Patel	8109001406	amritalogisticsmangrol@gmail.com	2322	REGISTRATION Fees
OFFER FEES	SBDEBIT	DUI7810498	29-MAR-22	5804	Completed Successfully	3008207288	Sumit Patel	8109001406	amritalogisticsmangrol@gmail.com	5804	Offer Fees
REGISTRATION FEE	NETBANKING	DUI7812649	29-MAR-22	2300	Completed Successfully	3403207286	SHREE SHIVSHAKTI AGRO WAREHOUSE	9300541188	prashant22082@gmail.com	2300	REGISTRATION FEE
REGISTRATION FEE	BILLDESK	DUI7812655	29-MAR-22	2325	Completed Successfully	3002207291	NARENDRA SINGH KIRAR	7000219754	Ppavanpatel1610@gmail.com	2325	rgitration
OFFER FEES	NETBANKING	DUI7812728	29-MAR-22	5749	Completed Successfully	3403207286	SHREE SHIVSHAKTI AGRO WAREHOUSE	9300541188	prashant22082@gmail.com	5749	OFFER FEES
OFFER FEES	BILLDESK	DUI7813156	29-MAR-22	5812	Completed Successfully	3002207291	narendra sing kirar	7000219754	pavanpatel1610@gmail.com	5812	offer fee
REGISTRATION FEE	SBDEBIT	DUI7813805	29-MAR-22	2226	Completed Successfully	3202207292	Ramsuki Sahu	9425037718	harshsahu1551@gmail.com	2226	Registration Fee
OFFER FEES	NETBANKING	DUI7813979	29-MAR-22	488	Completed Successfully	5102192614	SHAKUNNTALA GUPTA	9425921716	RSWW777@GMAIL.COM	488	OFFER FEES
OFFER FEES	SBDEBIT	DUI7814645	29-MAR-22	5564	Completed Successfully	3202207292	Ramsukhi Sahu	9425037718	harshsahu1551@gmail.com	5564	Offered Fee
REGISTRATION FEE	NETBANKING	DUI7814853	29-MAR-22	1980	Completed Successfully	3305207293	Pratibha Jain	9425159367	subratwh@gmail.com	1980	REG - 	Subrat Warehouse
OFFER FEES	NETBANKING	DUI7814929	29-MAR-22	4950	Completed Successfully	3305207293	Pratibha Jain	9425159367	subratwh@gmail.com	4950	Offer - 	Subrat Warehouse
OFFER FEES	OTHERDCARD	DUI7815081	29-MAR-22	5606	Completed Successfully	2701204953	Madhu ben shah	9827042909	CASANDEEPTDS@GMAIL.COM	5606	OFFER FEES
OFFER FEES	NETBANKING	DUI7816450	29-MAR-22	4078	Completed Successfully	060718168	PURUSOTTAM SONI	9993283822	soni.rohit90@gmail.com	4078	OFFER FEES
OFFER FEES	BILLDESK	DUI7816823	29-MAR-22	5590	Completed Successfully	2701205604	MALTI BAI	6260237256	niteshjadon971@gmail.com	5590	
REGISTRATION FEE	SBDEBIT	DUI7817081	29-MAR-22	1515	Completed Successfully	2904207294	Laxmi ChouhanWOShri Lal Singh Chouhan	9993160396	adarshchauhan4581@gmail.com	1515	REGISTRATION Fees
REGISTRATION FEE	NETBANKING	DUI7817106	29-MAR-22	1465	Completed Successfully	3305207295	SHIVANK MISHRA	9981220993	mishrashivank123@gmail.com	1465	registration
OFFER FEES	SBDEBIT	DUI7817633	29-MAR-22	3787	Completed Successfully	2904207294	Laxmi ChouhanWOShri Lal Singh Chouhan	9993160396	adarshchauhan4581@gmail.com	3787	Offer Fees
REGISTRATION FEE	BILLDESK	DUI7817675	29-MAR-22	1012	Completed Successfully	2701207296	KUBER SINGH	8319705068	kubersingh55554@gmail.com	1012	
OFFER FEES	NETBANKING	DUI7817719	29-MAR-22	3663	Completed Successfully	3305207295	shivank mishra	9981220993	mishrashivank123@gmail.com	3663	offer fees
OFFER FEES	BILLDESK	DUI7817751	29-MAR-22	2531	Completed Successfully	2701207296	KUBER SINGH	8319705068	kubersingh55554@gmail.com	2531	
OFFER FEES	SBDEBIT	DUI7817825	29-MAR-22	4914	Completed Successfully	260218418	MEENA WAREHOUSE CORPORATION	9630334877	mayameena.2018et@gmail.com	4914	OFFER FEE
REGISTRATION FEE	NETBANKING	DUI7819000	29-MAR-22	325	Completed Successfully	0301192881	Vrindavan Ahirwar	9685922692	ahirwarmanish08@gmail.com	325	Summited.
OFFER FEES	OTHERDCARD	DUI7819491	29-MAR-22	4538	Completed Successfully	2710207216	MONIKA YADAV	9926224096	helpm8508d@gmail.com	4538	OFFER FEES
REGISTRATION FEE	SBDEBIT	DUI7819591	29-MAR-22	1552	Completed Successfully	2602207297	PARAM WAREHOUSE UNIT 3	9977091715	param_agr@yahoo.com	1552	REGISTRATION FEE
OFFER FEES	SBDEBIT	DUI7820279	29-MAR-22	3880	Completed Successfully	2602207297	PARAM WAREHOUSE UNIT 3	9977091715	param_agr@yahoo.com	3880	OFFER FEE
REGISTRATION FEE	NETBANKING	DUI7821028	29-MAR-22	540	Completed Successfully	0301207299	Smt. RAJKUMARI YADAV	7974096052	rajkumariy348@gmail.com	540.00	Summited.
OFFER FEES	NETBANKING	DUI7821114	29-MAR-22	1350	Completed Successfully	0301207299	Smt. RAJKUMARI YADAV	7974096052	rajkumariy348@gmail.com	1350.00	Summited.
OFFER FEES	OTHERDCARD	DUI7821620	29-MAR-22	1050	Completed Successfully	3202207154	jangbahadur singh rathore	9753474919	sk9973426@gmail.com	1050	offer fees
REGISTRATION FEE	NETBANKING	DUI7821713	29-MAR-22	1188	Completed Successfully	4603207301	RAJKUMAR SONI	7415403146	RANJIT03146@GMAIL.COM	1188	ragistration fees
REGISTRATION FEE	NETBANKING	DUI7821570	29-MAR-22	291	Completed Successfully	1007207300	PRADEEP KUMAR JAIN	9179290275	vedantjain0276@gmail.com	291	Registration Fee
REGISTRATION FEE	NETBANKING	DUI7821367	29-MAR-22	1717	Completed Successfully	3404207302	Mamta Nayak	9425169299	sapnanayak0141@gmail.com	1717	offer - NAYAK WAREHOUSE
REGISTRATION FEE	SBDEBIT	DUI7822024	29-MAR-22	2242	Completed Successfully	2602207303	ASHMI WAREHOUSING CORPORATION	9425039550	sonashukla3005@gmail.com	2242	REGISTRATION FEE
OFFER FEES	NETBANKING	DUI7822203	29-MAR-22	728	Completed Successfully	1007207300	PRADEEP KUMAR JAIN	9179290275	vedantjain0276@gmail.com	728	Offer Fee
OFFER FEES	NETBANKING	DUI7822424	29-MAR-22	4295	Completed Successfully	3404207302	Mamta Nayak	9425169299	sapnanayak0141@gmail.com	4295	Offer - 	NAYAK WAREHOUSE
OFFER FEES	NETBANKING	DUI7822805	29-MAR-22	2969	Completed Successfully	4603207301	rajkumar soni	7415403146	ranjit03146@gmail.com	2969	offer
OFFER FEES	SBDEBIT	DUI7822849	29-MAR-22	5606	Completed Successfully	2602207303	ASHMI WAREHOUSING CORPORATION	9425039550	sonashukla3005@gmail.com	5606	OFFER FEE
OFFER FEES	NETBANKING	DUI7822996	29-MAR-22	6210	Completed Successfully	3404205034	Mamta Nayak	9425169299	abhi.nayak.999@gmail.com	6210	Offer - NAYAK DEVI PRABHA WAREHOUSE
REGISTRATION FEE	NETBANKING	DUI7826349	29-MAR-22	1462	Completed Successfully	3701207304	Mrs Leena Mishra	8839302926	pratyushmishra142@gmail.com	1462.00	registration fees



