Start Date	29/09/2022
End Date	02/10/2022

Category Name	Payment Mode	Bank Reference No	Transaction Date	Amount	Status	REGISTRATION ID	NAME OF DEPOSITOR	CONTACT NO.	EMAIL ID	FEE	Remarks
REGISTRATION FEE	BILLDESK	DUJ7999140	29-SEP-22	2597	Completed Successfully	2607207773	GAYATRI DEVI BISANI	9981394395	gayatriwarehouse51@gmail.com	2597	
OFFER FEES	OTHERDCARD	DUJ8002004	29-SEP-22	4999	Completed Successfully	2601207739	ARTI RAGHUWANSHI	9926740972	ashokraghuwanshi972@gmail.com	4999	OFFER FEE
OFFER FEES	BILLDESK	DUJ8001601	29-SEP-22	6492	Completed Successfully	2607207773	GAYATRI DEVI BISANI	9981394395	gayatriwarehouse51@gmail.com	6492	
OFFER FEES	SBDEBIT	DUJ8013385	29-SEP-22	7603	Completed Successfully	3001207764	DEEPAK JAIN	9893442900	cadcompany@rediffmail.com	7603	offer fees of AZAD JAIN DEEPAK JAIN WARE HOUSE SALAMATPUR
REGISTRATION FEE	NETBANKING	DUJ8018741	29-SEP-22	985	Completed Successfully	3306207774	Shailendra KumarTiwari	9893022398	shekharagromarketing@gmail.com	985	REGISTRATION - Shekhar Agro Marketing
REGISTRATION FEE	NETBANKING	DUJ8029354	29-SEP-22	2241	Completed Successfully	3304207775	Priyanka Brajpuria	9516718993	jaiambeywh@gmail.com	2241	Registration - 	JAI ABMBEY WARHOUSE
REGISTRATION FEE	NETBANKING	DUJ8036068	29-SEP-22	2808	Completed Successfully	3307207776	Sakshi Chansoirya	9111446688	omchansoriya01@gmail.com	2808	Registration - 	Om Chansorya Warehouse
OFFER FEES	NETBANKING	DUJ8038064	29-SEP-22	5591	Completed Successfully	3007205775	seema shrivastava	9893507456	imajaysomani@gmail.com	5591	offer fee
REGISTRATION FEE	NETBANKING	DUJ8038274	29-SEP-22	896	Completed Successfully	3307207777	SAKSHI CHANSORIYA	9111446688	omchansoriya02@gmail.com	896	Reg no. 	Om Chansorya Warehouse
REGISTRATION FEE	NETBANKING	DUJ8054446	29-SEP-22	1903	Completed Successfully	3304207778	Anita Jain	9303226238	namoshriwh@gmail.com	1903	registration -	Namo Shri Warehouse
OFFER FEES	BILLDESK	DUJ8099889	30-SEP-22	5878	Completed Successfully	2606207227	SHREE KRISHNAM WAREHOUSING	7999542894	skwpipariya@gmail.com	5878	OFFER FEE KHARIF 2022-2023
OFFER FEES	BILLDESK	DUJ8101986	30-SEP-22	5484	Completed Successfully	2606207230	SHRI KRISHNAM AGRI INFRA	9806340600	skaipipariya@gmail.com	5484	OFFER FEE KHARIF 2022-2023
OFFER FEES	OTHERDCARD	DUJ8108914	30-SEP-22	5593	Completed Successfully	2601205575	SHRI SIDDHI VINAYAK WAREHOUSE	9893041686	yadavsatish022@gmail.com	5593	DHAN REGISTRATION
REGISTRATION FEE	SBDEBIT	DUJ8110267	30-SEP-22	2245	Completed Successfully	1207207779	DEVIKA SINGH TIWARI	9425184536	devikasinghtiwari2@gmail.com	2245.00	REGISTRATION FEE
OFFER FEES	SBDEBIT	DUJ8112661	30-SEP-22	5614	Completed Successfully	1207207779	DEVIKA SINGH TIWARI	9425184536	devikasinghtiwari2@gmail.com	5614	OFFER FEES
OFFER FEES	NETBANKING	DUJ8136578	30-SEP-22	4500	Completed Successfully	3007193218	Arti Verma	9893780643	Shri.rewa777@gmail.com	4500	OFFER FEES
REGISTRATION FEE	NETBANKING	DUJ8160503	30-SEP-22	2218	Completed Successfully	3708207783	Adinath warehouse pro Anuradha jain	9977268888	Adinathwh5739@gmail.com	2218	This fee for warehouse rajistration fee
OFFER FEES	NETBANKING	DUJ8177172	01-OCT-22	1575	Completed Successfully	2710205033	Versha	7011607405	versha.narayanwarehouse@gmail.com	1575	Offer fee for Kharif
OFFER FEES	OTHERDCARD	DUJ8185484	01-OCT-22	5563	Completed Successfully	3004206734	VIJAY LAXMI JHAWAR SIDDHI VINAYAK LOGISTIC	9981488866	siddhivinayaklogistic22@gmail.com	5563	
OFFER FEES	OTHERDCARD	DUJ8191221	01-OCT-22	1032.75	Completed Successfully	0804206660	KRITI WAREHOUSING INFRASTRUCTURE	9425903203	jsuyash02@gmail.com	1032.75	OFFER FEES
REGISTRATION FEE	NETBANKING	DUJ8199487	01-OCT-22	1080	Completed Successfully	3302207784	Pooja Pandey	9770035356	shivshaktiwhw@gmail.com	1080	REGISTRATION - 	Shiv Shakti Warehouse
OFFER FEES	OTHERDCARD	DUJ8203515	01-OCT-22	9885	Completed Successfully	2601205507	ADHIRAJ SINGH	8821080870	adhiraj191996@gmail.com	9885	OFFER DHAN
REGISTRATION FEE	NETBANKING	DUJ8208659	01-OCT-22	2318	Completed Successfully	2504207785	Janki Devi	7415367562	jankideviparihar.1946@gmail.com	2318	Submit for registration of Mahesh Warehouse
OFFER FEES	NETBANKING	DUJ8212582	01-OCT-22	5146	Completed Successfully	1104207769	ANJANI RAI	9131657470	aman777.ar@gmail.com	5146	OFFER FEES
REGISTRATION FEE	NETBANKING	DUJ8216828	01-OCT-22	1906	Completed Successfully	3404207787	SHAILJA AGRO WAREHOUSING	9893803555	vijeetbhatter@gmail.com	1906	
OFFER FEES	OTHERDCARD	DUJ8262195	02-OCT-22	5170	Completed Successfully	120118384	Surendra Kumar Jain	8368229818	Surendrakumarjain2018@gmail.com	5170	



