Start Date	30/01/2026
End Date	02/02/2026

Category Name	Payment Mode	Bank Reference No	Transaction Date	Amount	Status	REGISTRATION ID	NAME OF DEPOSITOR	CONTACT NO.	EMAIL ID	FEE	Remarks
REGISTRATION FEE	NETBANKING	DUP1721181	30-JAN-26	1148	Completed Successfully	3606207209	RAJENDER	8989264600	shubhankr.b@gmail.com	1148	RAG.FEES
REGISTRATION FEE	NETBANKING	DUP1745532	31-JAN-26	2177	Completed Successfully	3304207924	RASHMI SONI	9300671062	yurrajwhw@gmail.com	2177	Regi Renwal
OFFER FEES	BILLDESK	DUP1754871	31-JAN-26	5250	Completed Successfully	260418918	YADAV WAREHOUSE	8871743521	anushuky724@gmail.com	5250	offer fees



