Start Date	30/11/2021
End Date	30/11/2021

Category Name	Payment Mode	Bank Reference No	Transaction Date	Amount	Status	REGISTRATION ID	NAME OF DEPOSITOR	CONTACT NO.	EMAIL ID	FEE	Remarks
OFFER FEES	NETBANKING	DUI1557452	30-NOV-21	5560	Completed Successfully	3304206166	Manju Jain	8770981054	sidharth714@gmail.com	5560	Offer - 	SANSKAR WAREHOUSE
REGISTRATION FEE	NETBANKING	DUI1558378	30-NOV-21	881	Completed Successfully	3503206181	UPASANA RATHOUR	9098313900	shribalajiwarehousedari@gmail.com	881	
OFFER FEES	NETBANKING	DUI1559282	30-NOV-21	2202	Completed Successfully	3503206181	upasana rathour	9098313900	shribalajiwarehousedari@gmail.com	2202	
OFFER FEES	NETBANKING	DUI1564239	30-NOV-21	3299	Completed Successfully	2606193261	Anand Warehousing	9425041439	anandgvyas85@gmail.com	3299	Offer payment
REGISTRATION FEE	NETBANKING	DUI1566164	30-NOV-21	1631	Completed Successfully	4201206178	PRAKHAR WAREHOUSE	9977662508	ragnipatelragnipatel8@gmail.com	1631	PRAKHAR WAREHOUSE RITHI
OFFER FEES	NETBANKING	DUI1568493	30-NOV-21	4078	Completed Successfully	4201206178	PRAKHAR WAREHOUSE	9669718120	ragnipatelragnipatel8@gmail.com	4078	PRAKHAR WARE HOUSE RITHI
REGISTRATION FEE	NETBANKING	DUI1571407	30-NOV-21	1215	Completed Successfully	3306206183	Kanchhedi Lal Jain	9424312143	abhishek.jain6756@gmail.com	1215	Registration - Abhishek Grading and Agro Marketing Facility
OFFER FEES	NETBANKING	DUI1571687	30-NOV-21	3035	Completed Successfully	3306206183	Kanchhedi Lal Jain	9424312143	abhishek.jain6756@gmail.com	3035	Offer - Abhishek Grading and Agro Marketing Facility
REGISTRATION FEE	NETBANKING	DUI1575039	30-NOV-21	2225	Completed Successfully	3305206184	Aarti Koshta	9755535060	apepk1858h@gmail.com	2225	Registration - 	Maa Annapurna Warehouse
OFFER FEES	NETBANKING	DUI1575381	30-NOV-21	5565	Completed Successfully	3305206184	Aarti Koshta	9755535060	apepk1858h@gmail.com	5565	Offer - 	Maa Annapurna Warehouse
REGISTRATION FEE	NETBANKING	DUI1578242	30-NOV-21	2469	Completed Successfully	1102206185	MANISHA SINGHAI	9425611830	kapildmoh1@gmail.com	2469	RAGISTRATION FEE
REGISTRATION FEE	NETBANKING	DUI1584829	30-NOV-21	2025	Completed Successfully	4201206187	AMAN WAREHOUSE	9425151924	manishaminerals@yahoo.co.in	2025	AMAN WAREHOUSE
OFFER FEES	NETBANKING	DUI1586513	30-NOV-21	5062	Completed Successfully	4201206187	AMAN WAREHOUSE	9425151924	manishaminerals@yahoo.co.in	5062	AMAN WAREHOUSE
REGISTRATION FEE	NETBANKING	DUI1588839	30-NOV-21	2340	Completed Successfully	3305206188	Neetesh Kumar Patel	7869303336	neetashpatel0578@gmail.com	2340	Registration - 	Maa Rewa Warehouse
OFFER FEES	NETBANKING	DUI1588933	30-NOV-21	5845	Completed Successfully	3305206188	Neetesh Kumar Patel	7869303336	neetashpatel0578@gmail.com	5845	Offer - Maa Rewa Warehouse
OFFER FEES	NETBANKING	DUI1591735	30-NOV-21	1026	Completed Successfully	330518424	KAJU BARMAN	9993748436	jaisiyaramwarehouse@gmail.com	1026	Offer - 	JAI SIYARAM WAREHOUSE
REGISTRATION FEE	NETBANKING	DUI1595408	30-NOV-21	857	Completed Successfully	3705206190	RASHMI TIWARI	9770784100	tiwari.anand493@gmail.com	857	fee reg
REGISTRATION FEE	SBDEBIT	DUI1596724	30-NOV-21	446	Completed Successfully	1102206173	RAHUL SINGH THAKUR	9039999992	rahul25183@gmail.com	446	
OFFER FEES	SBDEBIT	DUI1597207	30-NOV-21	1114	Completed Successfully	1102206173	RAHUL SINGH THAKUR	9039999992	rahul25183@gmail.com	1114	
REGISTRATION FEE	NETBANKING	DUI1597672	30-NOV-21	1660	Completed Successfully	330118190	SARITA SINGH	7746005755	kuwaramitsinghthakur@gmail.com	1660	Registraton Renewal - 	THAKUR WAREHOUSE
REGISTRATION FEE	NETBANKING	DUI1600042	30-NOV-21	1296	Completed Successfully	3307181988	Shivcharan Samudre	9301678339	shivcharansamudre9608@gmail.com	1296	Registration renwal
REGISTRATION FEE	NETBANKING	DUI1602066	30-NOV-21	825	Completed Successfully	2710181693	GAJENDRA singh yadav	9009141254	yadavgajendra859@gmail.com	825	registration fees
OFFER FEES	NETBANKING	DUI1602728	30-NOV-21	2062.5	Completed Successfully	2710181693	jeevan singh yadav	9009141254	yadavgajendra859@gmail.com	2062.50	offer fees



