Start Date	17-11-2025										
End Date	17-11-2025										
											
Category Name	Payment Mode	Bank Reference No	Transaction Date	Amount	Status	REGISTRATION ID	NAME OF DEPOSITOR	CONTACT NO.	EMAIL ID	FEE	Remarks
REGISTRATION FEE	NETBANKING	DUO8605089	17-Nov-25	2200	Completed Successfully	3303207632	Manjula Tiwari	9425152167	riteshtiwari6767@gmail.com	2200	reg renwal
REGISTRATION FEE	NETBANKING	DUO8607882	17-Nov-25	1085	Completed Successfully	3302207784	Pooja pandey	9770035356	shivshaktiwhwh@gmail.com	1085	Registration renwal
OFFER FEES	NETBANKING	DUO8608002	17-Nov-25	1125	Completed Successfully	3504181304	KHURSHID AHAMAD	9300278886	nadeemahmad.malik012@gmail.com	1125	Offer Fees
OFFER FEES	NETBANKING	DUO8608383	17-Nov-25	5635	Completed Successfully	3305207707	NAVRATAN BHADOURAIYA	7089078101	thakurnitiji5@gmail.com	5635	OFFER
OFFER FEES	NETBANKING	DUO8610460	17-Nov-25	1351	Completed Successfully	330318723	TEJVEER SINGH	9826149704	tejveer_singh2002@yahoo.co.in	1351	OFFER
OFFER FEES	NETBANKING	DUO8610604	17-Nov-25	2880	Completed Successfully	4204209567	Rukmani	997788434	mukeshsingh73789@gmail.com	2880	Offer
REGISTRATION FEE	NETBANKING	DUO8610748	17-Nov-25	2209	Completed Successfully	3306207811	PRAVEEN SINGH	9301819088	singhpraveen26@gmail.com	2209	REG FEES
REGISTRATION FEE	NETBANKING	DUO8612986	17-Nov-25	2025	Completed Successfully	3303207766	Mradula Baderia	9425158011	shreewhsh@gmail.com	2025	Offer
OFFER FEES	NETBANKING	DUO8613855	17-Nov-25	4955	Completed Successfully	330118271	Laxmi Rai	7000298901	niteshrai278@gmail.com	4955	oFFER
OFFER FEES	NETBANKING	DUO8614814	17-Nov-25	5648	Completed Successfully	3703207714	Tanishq warehouss	8770689216	abhinavmaloo@gmail.com	5648	
OFFER FEES	NETBANKING	DUO8618657	17-Nov-25	3000	Completed Successfully	3304206230	PARAS JAIN	9981262793	paraswh0@gmail.com	3000	
OFFER FEES	NETBANKING	DUO8623237	17-Nov-25	4154	Completed Successfully	1502193376	JITENDRA SINGH	8817702126	singhjitendra061@gmail.com	4154	offer fees
REGISTRATION FEE	NETBANKING	DUO8624790	17-Nov-25	1110	Completed Successfully	3305209820	Neetesh Kumar Patel	7869303336	neetashpatel0579@gmail.com	1110	Registration
OFFER FEES	NETBANKING	DUO8624812	17-Nov-25	2768	Completed Successfully	3305209820	Neetesh Kumar Patel	7869303336	neetashpatel0579@gmail.com	2768	offer
